Word;Frequency;%
the;1090;3.41137
and;964;3.01703
to;742;2.32223
of;675;2.11254
i;577;1.80583
a;558;1.74637
you;554;1.73385
my;520;1.62744
in;434;1.35829
it;419;1.31134
that;389;1.21745
ham;358;1.12043
is;346;1.08287
not;315;0.985854
his;304;0.951427
this;300;0.938908
with;277;0.866925
but;274;0.857536
for;250;0.782424
your;242;0.757386
me;234;0.732349
as;227;0.710441
lord;225;0.704181
be;223;0.697922
he;213;0.666625
what;208;0.650976
him;197;0.61655
king;196;0.61342
so;196;0.61342
have;183;0.572734
will;172;0.538307
do;151;0.472584
no;142;0.444417
we;140;0.438157
are;132;0.41312
on;128;0.400601
o;124;0.388082
all;123;0.384952
our;120;0.375563
queen;120;0.375563
or;115;0.359915
if;114;0.356785
shall;114;0.356785
by;111;0.347396
good;109;0.341137
hor;109;0.341137
come;107;0.334877
hamlet;107;0.334877
thou;105;0.328618
they;101;0.316099
now;98;0.30671
let;96;0.300451
from;95;0.297321
more;95;0.297321
her;91;0.284802
how;90;0.281673
well;90;0.281673
at;87;0.272283
pol;86;0.269154
thy;86;0.269154
was;84;0.262894
most;82;0.256635
like;81;0.253505
would;81;0.253505
there;77;0.240986
sir;75;0.234727
know;74;0.231597
them;74;0.231597
enter;73;0.228468
tis;73;0.228468
th;72;0.225338
go;71;0.222208
may;71;0.222208
us;70;0.219079
did;66;0.20656
love;66;0.20656
very;66;0.20656
hath;65;0.20343
then;65;0.20343
which;64;0.2003
why;64;0.2003
speak;63;0.197171
ill;62;0.194041
laer;62;0.194041
must;61;0.190911
give;60;0.187782
thee;59;0.184652
oph;58;0.181522
their;57;0.178393
am;56;0.175263
an;56;0.175263
should;56;0.175263
such;56;0.175263
when;56;0.175263
here;55;0.172133
make;55;0.172133
upon;55;0.172133
out;54;0.169004
say;54;0.169004
where;54;0.169004
some;53;0.165874
father;52;0.162744
man;52;0.162744
than;50;0.156485
too;50;0.156485
much;48;0.150225
horatio;47;0.147096
one;47;0.147096
she;47;0.147096
these;47;0.147096
think;47;0.147096
laertes;46;0.143966
time;46;0.143966
heaven;45;0.140836
play;45;0.140836
ros;45;0.140836
see;45;0.140836
had;44;0.137707
who;44;0.137707
tell;43;0.134577
thus;43;0.134577
yet;43;0.134577
exit;40;0.125188
mother;39;0.122058
own;39;0.122058
up;39;0.122058
ay;38;0.118928
death;37;0.115799
exeunt;37;0.115799
look;37;0.115799
nor;37;0.115799
clown;36;0.112669
night;36;0.112669
polonius;36;0.112669
take;36;0.112669
both;35;0.109539
again;34;0.10641
can;34;0.10641
ghost;34;0.10641
soul;34;0.10641
life;33;0.10328
could;32;0.10015
god;32;0.10015
hear;32;0.10015
mar;32;0.10015
might;32;0.10015
whose;32;0.10015
dead;31;0.0970205
indeed;31;0.0970205
mine;31;0.0970205
guildenstern;30;0.0938908
made;30;0.0938908
nothing;30;0.0938908
cannot;29;0.0907611
dear;29;0.0907611
down;29;0.0907611
guil;29;0.0907611
heart;29;0.0907611
hold;29;0.0907611
ophelia;29;0.0907611
been;28;0.0876314
doth;28;0.0876314
into;28;0.0876314
leave;28;0.0876314
other;28;0.0876314
pray;28;0.0876314
matter;27;0.0845018
nature;27;0.0845018
were;27;0.0845018
does;26;0.0813721
great;26;0.0813721
nay;26;0.0813721
never;26;0.0813721
rosencrantz;26;0.0813721
two;26;0.0813721
away;25;0.0782424
comes;25;0.0782424
head;25;0.0782424
osr;25;0.0782424
part;25;0.0782424
sweet;25;0.0782424
world;25;0.0782424
against;24;0.0751127
earth;24;0.0751127
itself;24;0.0751127
put;24;0.0751127
scene;24;0.0751127
though;24;0.0751127
denmark;23;0.071983
elsinore;23;0.071983
even;23;0.071983
eyes;23;0.071983
players;23;0.071983
show;23;0.071983
within;23;0.071983
before;22;0.0688533
call;22;0.0688533
done;22;0.0688533
madness;22;0.0688533
seen;22;0.0688533
set;22;0.0688533
son;22;0.0688533
true;22;0.0688533
day;21;0.0657236
follow;21;0.0657236
himself;21;0.0657236
mad;21;0.0657236
off;21;0.0657236
those;21;0.0657236
ber;20;0.0625939
england;20;0.0625939
fair;20;0.0625939
fathers;20;0.0625939
fear;20;0.0625939
friends;20;0.0625939
means;20;0.0625939
old;20;0.0625939
poor;20;0.0625939
still;20;0.0625939
till;20;0.0625939
words;20;0.0625939
act;19;0.0594642
aside;19;0.0594642
believe;19;0.0594642
blood;19;0.0594642
first;19;0.0594642
keep;19;0.0594642
once;19;0.0594642
without;19;0.0594642
about;18;0.0563345
else;18;0.0563345
end;18;0.0563345
hand;18;0.0563345
ist;18;0.0563345
little;18;0.0563345
makes;18;0.0563345
many;18;0.0563345
theres;18;0.0563345
thing;18;0.0563345
young;18;0.0563345
art;17;0.0532048
body;17;0.0532048
cause;17;0.0532048
ear;17;0.0532048
farewell;17;0.0532048
find;17;0.0532048
long;17;0.0532048
noble;17;0.0532048
since;17;0.0532048
sword;17;0.0532048
thoughts;17;0.0532048
welcome;17;0.0532048
daughter;16;0.0500751
faith;16;0.0500751
gentleman;16;0.0500751
hast;16;0.0500751
live;16;0.0500751
majesty;16;0.0500751
marry;16;0.0500751
question;16;0.0500751
speech;16;0.0500751
thats;16;0.0500751
use;16;0.0500751
youth;16;0.0500751
after;15;0.0469454
bear;15;0.0469454
better;15;0.0469454
between;15;0.0469454
castle;15;0.0469454
drink;15;0.0469454
eye;15;0.0469454
fortinbras;15;0.0469454
mark;15;0.0469454
said;15;0.0469454
stand;15;0.0469454
state;15;0.0469454
therefore;15;0.0469454
tongue;15;0.0469454
watch;15;0.0469454
yourself;15;0.0469454
answer;14;0.0438157
dost;14;0.0438157
friend;14;0.0438157
gentlemen;14;0.0438157
gertrude;14;0.0438157
goes;14;0.0438157
gone;14;0.0438157
grief;14;0.0438157
heard;14;0.0438157
ho;14;0.0438157
lady;14;0.0438157
last;14;0.0438157
murther;14;0.0438157
oer;14;0.0438157
reason;14;0.0438157
rest;14;0.0438157
sings;14;0.0438157
something;14;0.0438157
spirit;14;0.0438157
thine;14;0.0438157
while;14;0.0438157
air;13;0.040686
another;13;0.040686
duty;13;0.040686
ever;13;0.040686
form;13;0.040686
grace;13;0.040686
lets;13;0.040686
none;13;0.040686
norway;13;0.040686
ourselves;13;0.040686
rey;13;0.040686
room;13;0.040686
sense;13;0.040686
sent;13;0.040686
virtue;13;0.040686
any;12;0.0375563
being;12;0.0375563
bring;12;0.0375563
ere;12;0.0375563
fire;12;0.0375563
fit;12;0.0375563
further;12;0.0375563
has;12;0.0375563
haste;12;0.0375563
help;12;0.0375563
int;12;0.0375563
kind;12;0.0375563
madam;12;0.0375563
marcellus;12;0.0375563
men;12;0.0375563
mind;12;0.0375563
myself;12;0.0375563
oft;12;0.0375563
please;12;0.0375563
purpose;12;0.0375563
remember;12;0.0375563
revenge;12;0.0375563
same;12;0.0375563
saw;12;0.0375563
sleep;12;0.0375563
stay;12;0.0375563
things;12;0.0375563
together;12;0.0375563
twere;12;0.0375563
voice;12;0.0375563
word;12;0.0375563
bed;11;0.0344266
best;11;0.0344266
business;11;0.0344266
deed;11;0.0344266
each;11;0.0344266
een;11;0.0344266
face;11;0.0344266
far;11;0.0344266
fortune;11;0.0344266
foul;11;0.0344266
full;11;0.0344266
grave;11;0.0344266
hands;11;0.0344266
hell;11;0.0344266
honest;11;0.0344266
mean;11;0.0344266
name;11;0.0344266
near;11;0.0344266
passion;11;0.0344266
right;11;0.0344266
second;11;0.0344266
thought;11;0.0344266
thousand;11;0.0344266
tonight;11;0.0344266
villain;11;0.0344266
way;11;0.0344266
whats;11;0.0344266
wind;11;0.0344266
action;10;0.0312969
alas;10;0.0312969
almost;10;0.0312969
alone;10;0.0312969
arms;10;0.0312969
aught;10;0.0312969
awhile;10;0.0312969
command;10;0.0312969
courtier;10;0.0312969
doubt;10;0.0312969
excellent;10;0.0312969
fellow;10;0.0312969
fine;10;0.0312969
free;10;0.0312969
given;10;0.0312969
hamlets;10;0.0312969
hes;10;0.0312969
honour;10;0.0312969
late;10;0.0312969
lie;10;0.0312969
memory;10;0.0312969
neither;10;0.0312969
news;10;0.0312969
noise;10;0.0312969
peace;10;0.0312969
phrase;10;0.0312969
pyrrhus;10;0.0312969
seem;10;0.0312969
skull;10;0.0312969
soft;10;0.0312969
swear;10;0.0312969
takes;10;0.0312969
thanks;10;0.0312969
work;10;0.0312969
age;9;0.0281673
attendants;9;0.0281673
behind;9;0.0281673
bernardo;9;0.0281673
breath;9;0.0281673
brother;9;0.0281673
brothers;9;0.0281673
came;9;0.0281673
custom;9;0.0281673
dot;9;0.0281673
draw;9;0.0281673
ears;9;0.0281673
fall;9;0.0281673
fell;9;0.0281673
get;9;0.0281673
gives;9;0.0281673
ground;9;0.0281673
kings;9;0.0281673
lay;9;0.0281673
letters;9;0.0281673
light;9;0.0281673
lost;9;0.0281673
meet;9;0.0281673
offence;9;0.0281673
place;9;0.0281673
seek;9;0.0281673
sight;9;0.0281673
strange;9;0.0281673
sun;9;0.0281673
sure;9;0.0281673
thank;9;0.0281673
three;9;0.0281673
through;9;0.0281673
uncle;9;0.0281673
walk;9;0.0281673
adieu;8;0.0250376
back;8;0.0250376
black;8;0.0250376
break;8;0.0250376
charge;8;0.0250376
conscience;8;0.0250376
devil;8;0.0250376
every;8;0.0250376
falls;8;0.0250376
fashion;8;0.0250376
flourish;8;0.0250376
fran;8;0.0250376
gave;8;0.0250376
grow;8;0.0250376
heavens;8;0.0250376
heres;8;0.0250376
hither;8;0.0250376
hope;8;0.0250376
hour;8;0.0250376
husband;8;0.0250376
joy;8;0.0250376
judgment;8;0.0250376
known;8;0.0250376
less;8;0.0250376
looks;8;0.0250376
lordship;8;0.0250376
music;8;0.0250376
ont;8;0.0250376
pale;8;0.0250376
particular;8;0.0250376
power;8;0.0250376
quick;8;0.0250376
says;8;0.0250376
service;8;0.0250376
shame;8;0.0250376
shows;8;0.0250376
sit;8;0.0250376
tears;8;0.0250376
tot;8;0.0250376
truly;8;0.0250376
unto;8;0.0250376
wherein;8;0.0250376
wife;8;0.0250376
wilt;8;0.0250376
woe;8;0.0250376
bad;7;0.0219079
beg;7;0.0219079
beseech;7;0.0219079
bloody;7;0.0219079
capt;7;0.0219079
coming;7;0.0219079
common;7;0.0219079
desire;7;0.0219079
die;7;0.0219079
dies;7;0.0219079
drownd;7;0.0219079
dust;7;0.0219079
effect;7;0.0219079
enough;7;0.0219079
fool;7;0.0219079
fortunes;7;0.0219079
general;7;0.0219079
law;7;0.0219079
list;7;0.0219079
lords;7;0.0219079
lose;7;0.0219079
loves;7;0.0219079
mothers;7;0.0219079
needs;7;0.0219079
obey;7;0.0219079
osric;7;0.0219079
piece;7;0.0219079
rank;7;0.0219079
receive;7;0.0219079
sister;7;0.0219079
soldiers;7;0.0219079
sound;7;0.0219079
t;7;0.0219079
table;7;0.0219079
times;7;0.0219079
top;7;0.0219079
turn;7;0.0219079
understand;7;0.0219079
whole;7;0.0219079
wholesome;7;0.0219079
wisdom;7;0.0219079
woman;7;0.0219079
1;6;0.0187782
already;6;0.0187782
ambassadors;6;0.0187782
ambition;6;0.0187782
anon;6;0.0187782
arras;6;0.0187782
beard;6;0.0187782
beast;6;0.0187782
beauty;6;0.0187782
begin;6;0.0187782
bid;6;0.0187782
brain;6;0.0187782
brought;6;0.0187782
buried;6;0.0187782
cast;6;0.0187782
choice;6;0.0187782
circumstance;6;0.0187782
cock;6;0.0187782
cold;6;0.0187782
court;6;0.0187782
crown;6;0.0187782
damned;6;0.0187782
dane;6;0.0187782
danish;6;0.0187782
dare;6;0.0187782
discourse;6;0.0187782
double;6;0.0187782
dream;6;0.0187782
dull;6;0.0187782
dumb;6;0.0187782
either;6;0.0187782
false;6;0.0187782
fare;6;0.0187782
fat;6;0.0187782
feed;6;0.0187782
foils;6;0.0187782
fort;6;0.0187782
forth;6;0.0187782
gods;6;0.0187782
gracious;6;0.0187782
guilty;6;0.0187782
ha;6;0.0187782
health;6;0.0187782
heavy;6;0.0187782
herself;6;0.0187782
hit;6;0.0187782
home;6;0.0187782
hot;6;0.0187782
house;6;0.0187782
ii;6;0.0187782
lack;6;0.0187782
laid;6;0.0187782
laugh;6;0.0187782
lies;6;0.0187782
longer;6;0.0187782
maid;6;0.0187782
march;6;0.0187782
marriage;6;0.0187782
mouth;6;0.0187782
move;6;0.0187782
note;6;0.0187782
only;6;0.0187782
others;6;0.0187782
pardon;6;0.0187782
pass;6;0.0187782
point;6;0.0187782
poison;6;0.0187782
prison;6;0.0187782
prithee;6;0.0187782
proof;6;0.0187782
reynaldo;6;0.0187782
round;6;0.0187782
sea;6;0.0187782
season;6;0.0187782
seems;6;0.0187782
shape;6;0.0187782
shot;6;0.0187782
slain;6;0.0187782
sorrow;6;0.0187782
souls;6;0.0187782
speaks;6;0.0187782
star;6;0.0187782
stood;6;0.0187782
struck;6;0.0187782
touch;6;0.0187782
toward;6;0.0187782
truth;6;0.0187782
try;6;0.0187782
voltemand;6;0.0187782
vows;6;0.0187782
wager;6;0.0187782
water;6;0.0187782
whether;6;0.0187782
whom;6;0.0187782
wicked;6;0.0187782
withal;6;0.0187782
wouldst;6;0.0187782
wrong;6;0.0187782
yours;6;0.0187782
alexander;5;0.0156485
anything;5;0.0156485
arm;5;0.0156485
ass;5;0.0156485
attendant;5;0.0156485
audience;5;0.0156485
base;5;0.0156485
blessing;5;0.0156485
bodies;5;0.0156485
bound;5;0.0156485
brains;5;0.0156485
brief;5;0.0156485
carriages;5;0.0156485
choose;5;0.0156485
christian;5;0.0156485
closet;5;0.0156485
colour;5;0.0156485
commission;5;0.0156485
conceit;5;0.0156485
confess;5;0.0156485
cornelius;5;0.0156485
course;5;0.0156485
cries;5;0.0156485
cry;5;0.0156485
damnd;5;0.0156485
danger;5;0.0156485
dangerous;5;0.0156485
days;5;0.0156485
disposition;5;0.0156485
door;5;0.0156485
dread;5;0.0156485
drown;5;0.0156485
eat;5;0.0156485
fast;5;0.0156485
fault;5;0.0156485
fie;5;0.0156485
figure;5;0.0156485
fingers;5;0.0156485
flesh;5;0.0156485
fly;5;0.0156485
forgot;5;0.0156485
found;5;0.0156485
four;5;0.0156485
france;5;0.0156485
french;5;0.0156485
funeral;5;0.0156485
gentle;5;0.0156485
gifts;5;0.0156485
grows;5;0.0156485
half;5;0.0156485
hard;5;0.0156485
hat;5;0.0156485
hide;5;0.0156485
holds;5;0.0156485
honesty;5;0.0156485
honourd;5;0.0156485
humbly;5;0.0156485
impart;5;0.0156485
ins;5;0.0156485
killd;5;0.0156485
kingdom;5;0.0156485
knave;5;0.0156485
knew;5;0.0156485
land;5;0.0156485
liberty;5;0.0156485
lovd;5;0.0156485
mans;5;0.0156485
mass;5;0.0156485
methinks;5;0.0156485
moon;5;0.0156485
morning;5;0.0156485
mortal;5;0.0156485
motive;5;0.0156485
natural;5;0.0156485
next;5;0.0156485
nunnery;5;0.0156485
over;5;0.0156485
patience;5;0.0156485
perchance;5;0.0156485
perhaps;5;0.0156485
player;5;0.0156485
presently;5;0.0156485
prince;5;0.0156485
prologue;5;0.0156485
puts;5;0.0156485
quiet;5;0.0156485
rather;5;0.0156485
read;5;0.0156485
report;5;0.0156485
return;5;0.0156485
safety;5;0.0156485
save;5;0.0156485
seald;5;0.0156485
shalt;5;0.0156485
short;5;0.0156485
silence;5;0.0156485
sing;5;0.0156485
sits;5;0.0156485
spirits;5;0.0156485
stage;5;0.0156485
stir;5;0.0156485
sudden;5;0.0156485
terms;5;0.0156485
themselves;5;0.0156485
throw;5;0.0156485
thyself;5;0.0156485
told;5;0.0156485
treason;5;0.0156485
trumpet;5;0.0156485
twelve;5;0.0156485
under;5;0.0156485
vile;5;0.0156485
visage;5;0.0156485
visit;5;0.0156485
warlike;5;0.0156485
went;5;0.0156485
whereon;5;0.0156485
wit;5;0.0156485
wits;5;0.0156485
woot;5;0.0156485
writ;5;0.0156485
year;5;0.0156485
yes;5;0.0156485
above;4;0.0125188
affair;4;0.0125188
affection;4;0.0125188
angel;4;0.0125188
argument;4;0.0125188
assume;4;0.0125188
b;4;0.0125188
begun;4;0.0125188
beneath;4;0.0125188
bestow;4;0.0125188
birth;4;0.0125188
bones;4;0.0125188
book;4;0.0125188
bore;4;0.0125188
bosom;4;0.0125188
burial;4;0.0125188
byandby;4;0.0125188
calls;4;0.0125188
cannon;4;0.0125188
censure;4;0.0125188
certain;4;0.0125188
change;4;0.0125188
closes;4;0.0125188
clouds;4;0.0125188
commandment;4;0.0125188
commend;4;0.0125188
consent;4;0.0125188
consequence;4;0.0125188
countenance;4;0.0125188
cousin;4;0.0125188
cunning;4;0.0125188
cup;4;0.0125188
cursed;4;0.0125188
deep;4;0.0125188
desires;4;0.0125188
desperate;4;0.0125188
didst;4;0.0125188
died;4;0.0125188
direct;4;0.0125188
discretion;4;0.0125188
distracted;4;0.0125188
drift;4;0.0125188
ease;4;0.0125188
ecstasy;4;0.0125188
entertainment;4;0.0125188
except;4;0.0125188
fain;4;0.0125188
favour;4;0.0125188
fellows;4;0.0125188
follows;4;0.0125188
forget;4;0.0125188
frame;4;0.0125188
freely;4;0.0125188
gainst;4;0.0125188
glad;4;0.0125188
grown;4;0.0125188
guard;4;0.0125188
habit;4;0.0125188
hall;4;0.0125188
hang;4;0.0125188
hearing;4;0.0125188
hecuba;4;0.0125188
hence;4;0.0125188
herein;4;0.0125188
horrible;4;0.0125188
iii;4;0.0125188
image;4;0.0125188
imagination;4;0.0125188
imports;4;0.0125188
incestuous;4;0.0125188
infinite;4;0.0125188
instant;4;0.0125188
iv;4;0.0125188
keeps;4;0.0125188
kept;4;0.0125188
kill;4;0.0125188
knows;4;0.0125188
ladies;4;0.0125188
lands;4;0.0125188
lead;4;0.0125188
leaves;4;0.0125188
leisure;4;0.0125188
lend;4;0.0125188
length;4;0.0125188
lest;4;0.0125188
lights;4;0.0125188
lives;4;0.0125188
lookd;4;0.0125188
main;4;0.0125188
masters;4;0.0125188
meant;4;0.0125188
mercy;4;0.0125188
mess;4;0.0125188
messenger;4;0.0125188
methought;4;0.0125188
minds;4;0.0125188
mock;4;0.0125188
modesty;4;0.0125188
month;4;0.0125188
months;4;0.0125188
motion;4;0.0125188
native;4;0.0125188
need;4;0.0125188
nights;4;0.0125188
occasion;4;0.0125188
pate;4;0.0125188
pause;4;0.0125188
pay;4;0.0125188
person;4;0.0125188
pity;4;0.0125188
platform;4;0.0125188
pleasure;4;0.0125188
polack;4;0.0125188
possible;4;0.0125188
practice;4;0.0125188
present;4;0.0125188
priam;4;0.0125188
priest;4;0.0125188
property;4;0.0125188
quality;4;0.0125188
quantity;4;0.0125188
quite;4;0.0125188
reads;4;0.0125188
ready;4;0.0125188
remembrance;4;0.0125188
returnd;4;0.0125188
rose;4;0.0125188
secret;4;0.0125188
seeing;4;0.0125188
send;4;0.0125188
sends;4;0.0125188
shortly;4;0.0125188
sick;4;0.0125188
sigh;4;0.0125188
six;4;0.0125188
slave;4;0.0125188
sleeping;4;0.0125188
sleeps;4;0.0125188
snow;4;0.0125188
sorry;4;0.0125188
spade;4;0.0125188
speed;4;0.0125188
stands;4;0.0125188
stars;4;0.0125188
start;4;0.0125188
stop;4;0.0125188
straight;4;0.0125188
strong;4;0.0125188
stronger;4;0.0125188
tale;4;0.0125188
teach;4;0.0125188
ten;4;0.0125188
tend;4;0.0125188
tender;4;0.0125188
thence;4;0.0125188
thinking;4;0.0125188
thrice;4;0.0125188
thrift;4;0.0125188
throat;4;0.0125188
tomorrow;4;0.0125188
took;4;0.0125188
treasure;4;0.0125188
turnd;4;0.0125188
twas;4;0.0125188
twice;4;0.0125188
twill;4;0.0125188
unnatural;4;0.0125188
violence;4;0.0125188
violent;4;0.0125188
warrant;4;0.0125188
wear;4;0.0125188
weeds;4;0.0125188
weep;4;0.0125188
whereto;4;0.0125188
white;4;0.0125188
wi;4;0.0125188
wide;4;0.0125188
wild;4;0.0125188
wittenberg;4;0.0125188
wretched;4;0.0125188
ye;4;0.0125188
yea;4;0.0125188
aboard;3;0.00938908
accident;3;0.00938908
actor;3;0.00938908
addition;3;0.00938908
admiration;3;0.00938908
advice;3;0.00938908
affliction;3;0.00938908
ah;3;0.00938908
alack;3;0.00938908
along;3;0.00938908
ambitious;3;0.00938908
angels;3;0.00938908
appear;3;0.00938908
appeard;3;0.00938908
argal;3;0.00938908
armour;3;0.00938908
assay;3;0.00938908
avoid;3;0.00938908
beating;3;0.00938908
beckons;3;0.00938908
becomes;3;0.00938908
beggar;3;0.00938908
below;3;0.00938908
bend;3;0.00938908
bent;3;0.00938908
bitter;3;0.00938908
blame;3;0.00938908
bless;3;0.00938908
blow;3;0.00938908
bold;3;0.00938908
born;3;0.00938908
borne;3;0.00938908
bow;3;0.00938908
boy;3;0.00938908
brave;3;0.00938908
breathe;3;0.00938908
brow;3;0.00938908
burst;3;0.00938908
canst;3;0.00938908
captain;3;0.00938908
carry;3;0.00938908
ceremony;3;0.00938908
chamber;3;0.00938908
chaste;3;0.00938908
cheer;3;0.00938908
chief;3;0.00938908
children;3;0.00938908
clay;3;0.00938908
close;3;0.00938908
clowns;3;0.00938908
complexion;3;0.00938908
confession;3;0.00938908
content;3;0.00938908
corruption;3;0.00938908
corse;3;0.00938908
counsel;3;0.00938908
count;3;0.00938908
country;3;0.00938908
creatures;3;0.00938908
cried;3;0.00938908
crimes;3;0.00938908
defend;3;0.00938908
delight;3;0.00938908
delights;3;0.00938908
denmarks;3;0.00938908
dew;3;0.00938908
distemper;3;0.00938908
doomsday;3;0.00938908
doors;3;0.00938908
draws;3;0.00938908
dreadful;3;0.00938908
dreams;3;0.00938908
drinks;3;0.00938908
drum;3;0.00938908
dry;3;0.00938908
ducats;3;0.00938908
edge;3;0.00938908
election;3;0.00938908
encounter;3;0.00938908
enemy;3;0.00938908
entreat;3;0.00938908
estate;3;0.00938908
evil;3;0.00938908
excellence;3;0.00938908
express;3;0.00938908
faithful;3;0.00938908
falln;3;0.00938908
fancy;3;0.00938908
fantasy;3;0.00938908
faults;3;0.00938908
feast;3;0.00938908
fee;3;0.00938908
feeling;3;0.00938908
few;3;0.00938908
fiery;3;0.00938908
fight;3;0.00938908
finding;3;0.00938908
finds;3;0.00938908
five;3;0.00938908
fixd;3;0.00938908
flat;3;0.00938908
flowers;3;0.00938908
foolish;3;0.00938908
foot;3;0.00938908
force;3;0.00938908
former;3;0.00938908
forms;3;0.00938908
forward;3;0.00938908
francisco;3;0.00938908
gallows;3;0.00938908
gaming;3;0.00938908
gather;3;0.00938908
generous;3;0.00938908
giving;3;0.00938908
going;3;0.00938908
golden;3;0.00938908
gonzago;3;0.00938908
goodly;3;0.00938908
graves;3;0.00938908
gross;3;0.00938908
guilt;3;0.00938908
hadst;3;0.00938908
hangers;3;0.00938908
haply;3;0.00938908
happy;3;0.00938908
harsh;3;0.00938908
hears;3;0.00938908
heartily;3;0.00938908
hearts;3;0.00938908
heat;3;0.00938908
heels;3;0.00938908
hercules;3;0.00938908
high;3;0.00938908
hill;3;0.00938908
hits;3;0.00938908
honourable;3;0.00938908
horse;3;0.00938908
husbands;3;0.00938908
idle;3;0.00938908
ift;3;0.00938908
ignorance;3;0.00938908
ignorant;3;0.00938908
importing;3;0.00938908
indifferent;3;0.00938908
inward;3;0.00938908
jephthah;3;0.00938908
jest;3;0.00938908
judge;3;0.00938908
judgments;3;0.00938908
justly;3;0.00938908
kills;3;0.00938908
kisses;3;0.00938908
left;3;0.00938908
letter;3;0.00938908
liege;3;0.00938908
liest;3;0.00938908
likes;3;0.00938908
lines;3;0.00938908
livery;3;0.00938908
lo;3;0.00938908
loud;3;0.00938908
loving;3;0.00938908
maids;3;0.00938908
making;3;0.00938908
married;3;0.00938908
mens;3;0.00938908
mere;3;0.00938908
mistress;3;0.00938908
mobled;3;0.00938908
morn;3;0.00938908
mountain;3;0.00938908
murtherer;3;0.00938908
nation;3;0.00938908
natures;3;0.00938908
neck;3;0.00938908
neer;3;0.00938908
nephew;3;0.00938908
new;3;0.00938908
nine;3;0.00938908
nony;3;0.00938908
observe;3;0.00938908
odds;3;0.00938908
offended;3;0.00938908
offer;3;0.00938908
officer;3;0.00938908
often;3;0.00938908
order;3;0.00938908
organ;3;0.00938908
otherwise;3;0.00938908
ourself;3;0.00938908
parts;3;0.00938908
passage;3;0.00938908
passing;3;0.00938908
past;3;0.00938908
patient;3;0.00938908
pious;3;0.00938908
pipe;3;0.00938908
pit;3;0.00938908
piteous;3;0.00938908
pith;3;0.00938908
playd;3;0.00938908
pluck;3;0.00938908
poisond;3;0.00938908
poland;3;0.00938908
powers;3;0.00938908
prepare;3;0.00938908
presence;3;0.00938908
process;3;0.00938908
profit;3;0.00938908
proud;3;0.00938908
provd;3;0.00938908
prove;3;0.00938908
pure;3;0.00938908
purposes;3;0.00938908
purse;3;0.00938908
rage;3;0.00938908
rapier;3;0.00938908
rapiers;3;0.00938908
rash;3;0.00938908
rat;3;0.00938908
receivd;3;0.00938908
recorders;3;0.00938908
recover;3;0.00938908
remains;3;0.00938908
repent;3;0.00938908
revengd;3;0.00938908
rich;3;0.00938908
rises;3;0.00938908
rogue;3;0.00938908
rouse;3;0.00938908
royal;3;0.00938908
ruld;3;0.00938908
sail;3;0.00938908
sailors;3;0.00938908
saint;3;0.00938908
salt;3;0.00938908
scope;3;0.00938908
seal;3;0.00938908
secrecy;3;0.00938908
servant;3;0.00938908
shadow;3;0.00938908
shapes;3;0.00938908
shell;3;0.00938908
shoulder;3;0.00938908
sides;3;0.00938908
sirs;3;0.00938908
sith;3;0.00938908
skill;3;0.00938908
slow;3;0.00938908
smiling;3;0.00938908
soldier;3;0.00938908
solemn;3;0.00938908
sometime;3;0.00938908
sometimes;3;0.00938908
sore;3;0.00938908
sort;3;0.00938908
sovereign;3;0.00938908
special;3;0.00938908
sponge;3;0.00938908
sport;3;0.00938908
spring;3;0.00938908
stayd;3;0.00938908
steel;3;0.00938908
stick;3;0.00938908
stole;3;0.00938908
story;3;0.00938908
stuff;3;0.00938908
subject;3;0.00938908
suffer;3;0.00938908
suffers;3;0.00938908
suit;3;0.00938908
suits;3;0.00938908
taken;3;0.00938908
tame;3;0.00938908
tear;3;0.00938908
tempt;3;0.00938908
tenders;3;0.00938908
theme;3;0.00938908
thick;3;0.00938908
third;3;0.00938908
thirty;3;0.00938908
thither;3;0.00938908
tongues;3;0.00938908
touching;3;0.00938908
tragedy;3;0.00938908
trick;3;0.00938908
tricks;3;0.00938908
trumpets;3;0.00938908
twenty;3;0.00938908
understanding;3;0.00938908
unfold;3;0.00938908
unless;3;0.00938908
unseen;3;0.00938908
uses;3;0.00938908
v;3;0.00938908
vice;3;0.00938908
visitation;3;0.00938908
vouchsafe;3;0.00938908
wanton;3;0.00938908
wast;3;0.00938908
waves;3;0.00938908
ways;3;0.00938908
wed;3;0.00938908
wheel;3;0.00938908
wherefore;3;0.00938908
whilst;3;0.00938908
win;3;0.00938908
winds;3;0.00938908
wisest;3;0.00938908
wish;3;0.00938908
withdraw;3;0.00938908
wonder;3;0.00938908
wondrous;3;0.00938908
wont;3;0.00938908
worm;3;0.00938908
worse;3;0.00938908
worth;3;0.00938908
wretch;3;0.00938908
years;3;0.00938908
youll;3;0.00938908
absolute;2;0.00625939
absurd;2;0.00625939
accent;2;0.00625939
according;2;0.00625939
actions;2;0.00625939
actors;2;0.00625939
acts;2;0.00625939
admit;2;0.00625939
adown;2;0.00625939
advancement;2;0.00625939
afar;2;0.00625939
aha;2;0.00625939
alarm;2;0.00625939
allowance;2;0.00625939
allowd;2;0.00625939
alls;2;0.00625939
aloof;2;0.00625939
amazement;2;0.00625939
ambassador;2;0.00625939
amiss;2;0.00625939
ant;2;0.00625939
antique;2;0.00625939
apart;2;0.00625939
ape;2;0.00625939
apparition;2;0.00625939
appears;2;0.00625939
apprehension;2;0.00625939
approve;2;0.00625939
apt;2;0.00625939
armd;2;0.00625939
armed;2;0.00625939
army;2;0.00625939
arrant;2;0.00625939
arrows;2;0.00625939
article;2;0.00625939
ask;2;0.00625939
asking;2;0.00625939
asleep;2;0.00625939
assigns;2;0.00625939
assistant;2;0.00625939
assurance;2;0.00625939
assurd;2;0.00625939
author;2;0.00625939
awake;2;0.00625939
awe;2;0.00625939
axe;2;0.00625939
baby;2;0.00625939
bakd;2;0.00625939
bands;2;0.00625939
barbary;2;0.00625939
baser;2;0.00625939
basket;2;0.00625939
bat;2;0.00625939
bearers;2;0.00625939
bears;2;0.00625939
beasts;2;0.00625939
beautified;2;0.00625939
beggars;2;0.00625939
begins;2;0.00625939
beguile;2;0.00625939
behaviour;2;0.00625939
belike;2;0.00625939
bell;2;0.00625939
bestowd;2;0.00625939
beware;2;0.00625939
beyond;2;0.00625939
bird;2;0.00625939
blank;2;0.00625939
blast;2;0.00625939
blasted;2;0.00625939
bleed;2;0.00625939
blest;2;0.00625939
blown;2;0.00625939
blows;2;0.00625939
blush;2;0.00625939
breaks;2;0.00625939
breathing;2;0.00625939
breed;2;0.00625939
broad;2;0.00625939
broke;2;0.00625939
brook;2;0.00625939
brows;2;0.00625939
builds;2;0.00625939
bulk;2;0.00625939
burn;2;0.00625939
burning;2;0.00625939
burns;2;0.00625939
buzz;2;0.00625939
byr;2;0.00625939
caesar;2;0.00625939
calld;2;0.00625939
calm;2;0.00625939
camel;2;0.00625939
canker;2;0.00625939
cap;2;0.00625939
capable;2;0.00625939
capital;2;0.00625939
card;2;0.00625939
carpenter;2;0.00625939
carrying;2;0.00625939
catch;2;0.00625939
caught;2;0.00625939
celestial;2;0.00625939
chance;2;0.00625939
chances;2;0.00625939
chapel;2;0.00625939
character;2;0.00625939
charitable;2;0.00625939
cheek;2;0.00625939
cheerfully;2;0.00625939
child;2;0.00625939
choler;2;0.00625939
church;2;0.00625939
city;2;0.00625939
claudius;2;0.00625939
coldly;2;0.00625939
collected;2;0.00625939
collection;2;0.00625939
comedy;2;0.00625939
comply;2;0.00625939
comst;2;0.00625939
confine;2;0.00625939
confound;2;0.00625939
consider;2;0.00625939
contagion;2;0.00625939
continent;2;0.00625939
contrive;2;0.00625939
convert;2;0.00625939
cost;2;0.00625939
couch;2;0.00625939
courtiers;2;0.00625939
coward;2;0.00625939
craft;2;0.00625939
creature;2;0.00625939
crew;2;0.00625939
cruel;2;0.00625939
currents;2;0.00625939
cut;2;0.00625939
daggers;2;0.00625939
dearest;2;0.00625939
dearly;2;0.00625939
defeat;2;0.00625939
defect;2;0.00625939
defence;2;0.00625939
delay;2;0.00625939
delicate;2;0.00625939
deliver;2;0.00625939
demand;2;0.00625939
demands;2;0.00625939
deny;2;0.00625939
depends;2;0.00625939
desert;2;0.00625939
desperation;2;0.00625939
desprate;2;0.00625939
destroy;2;0.00625939
diadem;2;0.00625939
diet;2;0.00625939
difference;2;0.00625939
dig;2;0.00625939
dignity;2;0.00625939
directly;2;0.00625939
dirt;2;0.00625939
disclosd;2;0.00625939
dishonour;2;0.00625939
dismal;2;0.00625939
dispatch;2;0.00625939
distraction;2;0.00625939
distrust;2;0.00625939
divide;2;0.00625939
divinity;2;0.00625939
dog;2;0.00625939
doubtful;2;0.00625939
dove;2;0.00625939
dozen;2;0.00625939
drive;2;0.00625939
eager;2;0.00625939
easiness;2;0.00625939
easy;2;0.00625939
eats;2;0.00625939
effects;2;0.00625939
em;2;0.00625939
embrace;2;0.00625939
empire;2;0.00625939
employment;2;0.00625939
enact;2;0.00625939
ends;2;0.00625939
enemies;2;0.00625939
english;2;0.00625939
enterprise;2;0.00625939
entreaty;2;0.00625939
envenomd;2;0.00625939
envy;2;0.00625939
epitaph;2;0.00625939
equal;2;0.00625939
escape;2;0.00625939
especially;2;0.00625939
eternal;2;0.00625939
event;2;0.00625939
everything;2;0.00625939
exchange;2;0.00625939
exercise;2;0.00625939
expel;2;0.00625939
extremity;2;0.00625939
faces;2;0.00625939
faculties;2;0.00625939
fame;2;0.00625939
fares;2;0.00625939
farm;2;0.00625939
fate;2;0.00625939
fates;2;0.00625939
favours;2;0.00625939
fears;2;0.00625939
feature;2;0.00625939
fed;2;0.00625939
feet;2;0.00625939
fellowship;2;0.00625939
fetch;2;0.00625939
fighting;2;0.00625939
fill;2;0.00625939
fines;2;0.00625939
fish;2;0.00625939
fishmonger;2;0.00625939
fits;2;0.00625939
flame;2;0.00625939
flames;2;0.00625939
flaming;2;0.00625939
foe;2;0.00625939
foil;2;0.00625939
followed;2;0.00625939
food;2;0.00625939
fools;2;0.00625939
forbid;2;0.00625939
forcd;2;0.00625939
forehead;2;0.00625939
forgive;2;0.00625939
fors;2;0.00625939
forty;2;0.00625939
frankly;2;0.00625939
fruit;2;0.00625939
gain;2;0.00625939
gait;2;0.00625939
gall;2;0.00625939
galls;2;0.00625939
garden;2;0.00625939
gent;2;0.00625939
gentry;2;0.00625939
glass;2;0.00625939
goodness;2;0.00625939
got;2;0.00625939
graces;2;0.00625939
grapple;2;0.00625939
gravemaker;2;0.00625939
green;2;0.00625939
grieve;2;0.00625939
guest;2;0.00625939
guts;2;0.00625939
happily;2;0.00625939
having;2;0.00625939
heads;2;0.00625939
hearers;2;0.00625939
heavenly;2;0.00625939
heed;2;0.00625939
heel;2;0.00625939
held;2;0.00625939
heraldry;2;0.00625939
hey;2;0.00625939
hid;2;0.00625939
hideous;2;0.00625939
history;2;0.00625939
hitherto;2;0.00625939
hobbyhorse;2;0.00625939
holy;2;0.00625939
honours;2;0.00625939
horrid;2;0.00625939
horridly;2;0.00625939
horses;2;0.00625939
hours;2;0.00625939
houses;2;0.00625939
hum;2;0.00625939
hundred;2;0.00625939
hurt;2;0.00625939
hurts;2;0.00625939
ice;2;0.00625939
immediate;2;0.00625939
imminent;2;0.00625939
impond;2;0.00625939
incensd;2;0.00625939
inclination;2;0.00625939
inform;2;0.00625939
instrument;2;0.00625939
intent;2;0.00625939
issue;2;0.00625939
jealousy;2;0.00625939
jig;2;0.00625939
join;2;0.00625939
jot;2;0.00625939
jove;2;0.00625939
joys;2;0.00625939
julius;2;0.00625939
jump;2;0.00625939
just;2;0.00625939
keen;2;0.00625939
kin;2;0.00625939
knavery;2;0.00625939
knavish;2;0.00625939
kneels;2;0.00625939
knees;2;0.00625939
knowing;2;0.00625939
knowst;2;0.00625939
labour;2;0.00625939
lap;2;0.00625939
larded;2;0.00625939
lasting;2;0.00625939
lawless;2;0.00625939
laying;2;0.00625939
leaps;2;0.00625939
least;2;0.00625939
level;2;0.00625939
levies;2;0.00625939
liberal;2;0.00625939
limbs;2;0.00625939
line;2;0.00625939
lips;2;0.00625939
liquor;2;0.00625939
living;2;0.00625939
loam;2;0.00625939
lobby;2;0.00625939
lock;2;0.00625939
lockd;2;0.00625939
loose;2;0.00625939
loved;2;0.00625939
lucianus;2;0.00625939
lunacy;2;0.00625939
lungs;2;0.00625939
lust;2;0.00625939
maggots;2;0.00625939
maiden;2;0.00625939
majestical;2;0.00625939
majesties;2;0.00625939
malicious;2;0.00625939
manners;2;0.00625939
mason;2;0.00625939
matters;2;0.00625939
meeting;2;0.00625939
melancholy;2;0.00625939
melt;2;0.00625939
merely;2;0.00625939
merit;2;0.00625939
merry;2;0.00625939
messengers;2;0.00625939
method;2;0.00625939
middle;2;0.00625939
mirror;2;0.00625939
mirth;2;0.00625939
mischance;2;0.00625939
mole;2;0.00625939
moment;2;0.00625939
money;2;0.00625939
mount;2;0.00625939
mountains;2;0.00625939
mouse;2;0.00625939
moves;2;0.00625939
mutes;2;0.00625939
naked;2;0.00625939
naught;2;0.00625939
nearer;2;0.00625939
necessary;2;0.00625939
neglected;2;0.00625939
nephews;2;0.00625939
neptunes;2;0.00625939
norman;2;0.00625939
nose;2;0.00625939
numbers;2;0.00625939
oath;2;0.00625939
obedience;2;0.00625939
obligation;2;0.00625939
observance;2;0.00625939
odd;2;0.00625939
offences;2;0.00625939
officers;2;0.00625939
ones;2;0.00625939
open;2;0.00625939
opinions;2;0.00625939
opposition;2;0.00625939
orchard;2;0.00625939
ordnance;2;0.00625939
origin;2;0.00625939
ours;2;0.00625939
outward;2;0.00625939
overdone;2;0.00625939
pace;2;0.00625939
painted;2;0.00625939
pair;2;0.00625939
palm;2;0.00625939
paper;2;0.00625939
pardond;2;0.00625939
passionate;2;0.00625939
pastime;2;0.00625939
patch;2;0.00625939
peasant;2;0.00625939
peep;2;0.00625939
performd;2;0.00625939
perfume;2;0.00625939
pestilent;2;0.00625939
petty;2;0.00625939
philosophy;2;0.00625939
picture;2;0.00625939
placd;2;0.00625939
plague;2;0.00625939
playing;2;0.00625939
plays;2;0.00625939
pleasd;2;0.00625939
pleasures;2;0.00625939
plots;2;0.00625939
plucks;2;0.00625939
points;2;0.00625939
poisoner;2;0.00625939
pole;2;0.00625939
post;2;0.00625939
potent;2;0.00625939
pours;2;0.00625939
praisd;2;0.00625939
praise;2;0.00625939
prayer;2;0.00625939
prayers;2;0.00625939
precedent;2;0.00625939
precious;2;0.00625939
pregnant;2;0.00625939
pretty;2;0.00625939
prevent;2;0.00625939
prisoner;2;0.00625939
proceed;2;0.00625939
proclaim;2;0.00625939
proclaims;2;0.00625939
prodigal;2;0.00625939
profound;2;0.00625939
promisd;2;0.00625939
pronouncd;2;0.00625939
proper;2;0.00625939
prophesy;2;0.00625939
propose;2;0.00625939
providence;2;0.00625939
puffd;2;0.00625939
purging;2;0.00625939
purposd;2;0.00625939
pursue;2;0.00625939
quarrel;2;0.00625939
quit;2;0.00625939
ranker;2;0.00625939
rate;2;0.00625939
reading;2;0.00625939
reasons;2;0.00625939
rebellious;2;0.00625939
recoveries;2;0.00625939
red;2;0.00625939
redeliver;2;0.00625939
regard;2;0.00625939
region;2;0.00625939
relievd;2;0.00625939
relish;2;0.00625939
remain;2;0.00625939
remove;2;0.00625939
repair;2;0.00625939
reply;2;0.00625939
requite;2;0.00625939
respect;2;0.00625939
rests;2;0.00625939
returns;2;0.00625939
rewards;2;0.00625939
rhenish;2;0.00625939
richer;2;0.00625939
rights;2;0.00625939
ring;2;0.00625939
rise;2;0.00625939
rites;2;0.00625939
roar;2;0.00625939
roman;2;0.00625939
rome;2;0.00625939
rotten;2;0.00625939
roughly;2;0.00625939
rub;2;0.00625939
rude;2;0.00625939
rue;2;0.00625939
rugged;2;0.00625939
run;2;0.00625939
runs;2;0.00625939
sable;2;0.00625939
sables;2;0.00625939
safe;2;0.00625939
safely;2;0.00625939
sailor;2;0.00625939
salvation;2;0.00625939
sate;2;0.00625939
sayst;2;0.00625939
sblood;2;0.00625939
scale;2;0.00625939
scandal;2;0.00625939
scape;2;0.00625939
scarce;2;0.00625939
scarcely;2;0.00625939
scholars;2;0.00625939
scourge;2;0.00625939
scripture;2;0.00625939
seat;2;0.00625939
secure;2;0.00625939
seeks;2;0.00625939
seemd;2;0.00625939
seeming;2;0.00625939
sees;2;0.00625939
sending;2;0.00625939
senseless;2;0.00625939
serpent;2;0.00625939
servants;2;0.00625939
servd;2;0.00625939
serve;2;0.00625939
serves;2;0.00625939
sets;2;0.00625939
shadows;2;0.00625939
shake;2;0.00625939
shes;2;0.00625939
ship;2;0.00625939
shipwright;2;0.00625939
shoes;2;0.00625939
shouldst;2;0.00625939
shown;2;0.00625939
shuffling;2;0.00625939
sickly;2;0.00625939
sickness;2;0.00625939
side;2;0.00625939
signify;2;0.00625939
sin;2;0.00625939
sinews;2;0.00625939
single;2;0.00625939
sins;2;0.00625939
slander;2;0.00625939
slightly;2;0.00625939
smile;2;0.00625939
smooth;2;0.00625939
soil;2;0.00625939
songs;2;0.00625939
sons;2;0.00625939
sooner;2;0.00625939
source;2;0.00625939
spoke;2;0.00625939
spoken;2;0.00625939
spokes;2;0.00625939
spread;2;0.00625939
spurns;2;0.00625939
stamp;2;0.00625939
station;2;0.00625939
step;2;0.00625939
sting;2;0.00625939
stone;2;0.00625939
stops;2;0.00625939
strangely;2;0.00625939
straw;2;0.00625939
streets;2;0.00625939
strength;2;0.00625939
strict;2;0.00625939
strike;2;0.00625939
strumpet;2;0.00625939
substance;2;0.00625939
succession;2;0.00625939
suckd;2;0.00625939
sultry;2;0.00625939
summit;2;0.00625939
supper;2;0.00625939
suppress;2;0.00625939
swearing;2;0.00625939
sweat;2;0.00625939
sweep;2;0.00625939
swift;2;0.00625939
sworn;2;0.00625939
swounds;2;0.00625939
tables;2;0.00625939
taen;2;0.00625939
talk;2;0.00625939
talkd;2;0.00625939
tardy;2;0.00625939
tedious;2;0.00625939
teeth;2;0.00625939
term;2;0.00625939
thin;2;0.00625939
throne;2;0.00625939
thrown;2;0.00625939
throws;2;0.00625939
thunder;2;0.00625939
today;2;0.00625939
toe;2;0.00625939
toy;2;0.00625939
trace;2;0.00625939
trade;2;0.00625939
trail;2;0.00625939
translate;2;0.00625939
travel;2;0.00625939
treacherous;2;0.00625939
treachery;2;0.00625939
treble;2;0.00625939
tremble;2;0.00625939
trial;2;0.00625939
tribute;2;0.00625939
trouble;2;0.00625939
troubles;2;0.00625939
truant;2;0.00625939
truelove;2;0.00625939
trust;2;0.00625939
tune;2;0.00625939
tunes;2;0.00625939
tush;2;0.00625939
twain;2;0.00625939
twixt;2;0.00625939
unbated;2;0.00625939
unction;2;0.00625939
undertake;2;0.00625939
union;2;0.00625939
unknown;2;0.00625939
unworthy;2;0.00625939
upont;2;0.00625939
usd;2;0.00625939
valiant;2;0.00625939
vantage;2;0.00625939
variable;2;0.00625939
vengeance;2;0.00625939
venom;2;0.00625939
view;2;0.00625939
violets;2;0.00625939
virtues;2;0.00625939
volt;2;0.00625939
vouchers;2;0.00625939
vow;2;0.00625939
voyage;2;0.00625939
vulgar;2;0.00625939
wag;2;0.00625939
wait;2;0.00625939
walks;2;0.00625939
want;2;0.00625939
wants;2;0.00625939
war;2;0.00625939
wars;2;0.00625939
wary;2;0.00625939
wash;2;0.00625939
wax;2;0.00625939
waxes;2;0.00625939
weak;2;0.00625939
weakness;2;0.00625939
weapon;2;0.00625939
wears;2;0.00625939
weary;2;0.00625939
weasel;2;0.00625939
weigh;2;0.00625939
weighd;2;0.00625939
whale;2;0.00625939
whereof;2;0.00625939
wheres;2;0.00625939
whiles;2;0.00625939
whips;2;0.00625939
whisper;2;0.00625939
whoreson;2;0.00625939
wildly;2;0.00625939
willing;2;0.00625939
willingly;2;0.00625939
wine;2;0.00625939
wings;2;0.00625939
wipe;2;0.00625939
wise;2;0.00625939
wisely;2;0.00625939
witchcraft;2;0.00625939
witness;2;0.00625939
wittingly;2;0.00625939
wonderful;2;0.00625939
wonted;2;0.00625939
working;2;0.00625939
worlds;2;0.00625939
worms;2;0.00625939
wormwood;2;0.00625939
wounds;2;0.00625939
wrongd;2;0.00625939
wrote;2;0.00625939
yield;2;0.00625939
yonder;2;0.00625939
abate;1;0.00312969
abatements;1;0.00312969
abhorred;1;0.00312969
ability;1;0.00312969
able;1;0.00312969
abominably;1;0.00312969
abridgment;1;0.00312969
abroad;1;0.00312969
absent;1;0.00312969
abstinence;1;0.00312969
abstract;1;0.00312969
abusd;1;0.00312969
abuse;1;0.00312969
abuses;1;0.00312969
accepts;1;0.00312969
access;1;0.00312969
accidental;1;0.00312969
accidents;1;0.00312969
accord;1;0.00312969
account;1;0.00312969
accounted;1;0.00312969
accurst;1;0.00312969
accuse;1;0.00312969
ache;1;0.00312969
achievements;1;0.00312969
acquaint;1;0.00312969
acquire;1;0.00312969
acquittance;1;0.00312969
acres;1;0.00312969
across;1;0.00312969
acted;1;0.00312969
acting;1;0.00312969
actively;1;0.00312969
acursing;1;0.00312969
adam;1;0.00312969
adams;1;0.00312969
adders;1;0.00312969
addicted;1;0.00312969
address;1;0.00312969
adheres;1;0.00312969
adjoind;1;0.00312969
admirable;1;0.00312969
admittance;1;0.00312969
adoption;1;0.00312969
adowna;1;0.00312969
adulterate;1;0.00312969
advancd;1;0.00312969
advantage;1;0.00312969
adventurous;1;0.00312969
advise;1;0.00312969
aeneas;1;0.00312969
afeard;1;0.00312969
affairs;1;0.00312969
affectation;1;0.00312969
affections;1;0.00312969
afflict;1;0.00312969
afflicts;1;0.00312969
affrighted;1;0.00312969
affront;1;0.00312969
afoot;1;0.00312969
afraid;1;0.00312969
afternoon;1;0.00312969
afterwards;1;0.00312969
ago;1;0.00312969
agreeing;1;0.00312969
aid;1;0.00312969
aim;1;0.00312969
aimd;1;0.00312969
airs;1;0.00312969
airy;1;0.00312969
aliis;1;0.00312969
allegiance;1;0.00312969
alleys;1;0.00312969
allow;1;0.00312969
also;1;0.00312969
altitude;1;0.00312969
altogether;1;0.00312969
always;1;0.00312969
amaking;1;0.00312969
amazd;1;0.00312969
amaze;1;0.00312969
amber;1;0.00312969
ambiguous;1;0.00312969
amble;1;0.00312969
amen;1;0.00312969
amercy;1;0.00312969
amities;1;0.00312969
among;1;0.00312969
anchors;1;0.00312969
ancient;1;0.00312969
anger;1;0.00312969
angle;1;0.00312969
angry;1;0.00312969
animals;1;0.00312969
ankle;1;0.00312969
annexment;1;0.00312969
annual;1;0.00312969
anoint;1;0.00312969
anothers;1;0.00312969
answerd;1;0.00312969
answerest;1;0.00312969
answers;1;0.00312969
antic;1;0.00312969
anticipation;1;0.00312969
antiquity;1;0.00312969
apiece;1;0.00312969
apoplexd;1;0.00312969
appal;1;0.00312969
apparel;1;0.00312969
appeareth;1;0.00312969
appetite;1;0.00312969
applaud;1;0.00312969
appliance;1;0.00312969
appointment;1;0.00312969
approaches;1;0.00312969
appurtenance;1;0.00312969
aptly;1;0.00312969
ardour;1;0.00312969
argues;1;0.00312969
aright;1;0.00312969
arithmetic;1;0.00312969
aroused;1;0.00312969
arraign;1;0.00312969
arrest;1;0.00312969
arrests;1;0.00312969
arrivd;1;0.00312969
arrow;1;0.00312969
articles;1;0.00312969
artire;1;0.00312969
artless;1;0.00312969
ashamd;1;0.00312969
askd;1;0.00312969
aslant;1;0.00312969
aspect;1;0.00312969
assail;1;0.00312969
assault;1;0.00312969
assayd;1;0.00312969
assays;1;0.00312969
associates;1;0.00312969
assure;1;0.00312969
asunder;1;0.00312969
attend;1;0.00312969
attended;1;0.00312969
attends;1;0.00312969
attent;1;0.00312969
attractive;1;0.00312969
attribute;1;0.00312969
audit;1;0.00312969
augury;1;0.00312969
auntmother;1;0.00312969
auspicious;1;0.00312969
authorities;1;0.00312969
avouch;1;0.00312969
awork;1;0.00312969
awry;1;0.00312969
aye;1;0.00312969
babe;1;0.00312969
backd;1;0.00312969
backward;1;0.00312969
bade;1;0.00312969
bait;1;0.00312969
bakers;1;0.00312969
ban;1;0.00312969
bank;1;0.00312969
baptista;1;0.00312969
bar;1;0.00312969
barbers;1;0.00312969
bare;1;0.00312969
barefacd;1;0.00312969
barefoot;1;0.00312969
bark;1;0.00312969
barkd;1;0.00312969
barrd;1;0.00312969
barrel;1;0.00312969
barren;1;0.00312969
baseness;1;0.00312969
bastard;1;0.00312969
bated;1;0.00312969
battalions;1;0.00312969
batten;1;0.00312969
battery;1;0.00312969
battlements;1;0.00312969
bawd;1;0.00312969
bawdry;1;0.00312969
bawds;1;0.00312969
bawdy;1;0.00312969
beam;1;0.00312969
beards;1;0.00312969
bearing;1;0.00312969
beart;1;0.00312969
beat;1;0.00312969
beaten;1;0.00312969
beats;1;0.00312969
beauteous;1;0.00312969
beautied;1;0.00312969
beauties;1;0.00312969
beaver;1;0.00312969
became;1;0.00312969
because;1;0.00312969
beck;1;0.00312969
bedded;1;0.00312969
bedrid;1;0.00312969
beds;1;0.00312969
bedtime;1;0.00312969
beer;1;0.00312969
beetles;1;0.00312969
befalln;1;0.00312969
befitted;1;0.00312969
beget;1;0.00312969
beggard;1;0.00312969
behavd;1;0.00312969
behold;1;0.00312969
behooves;1;0.00312969
behove;1;0.00312969
belief;1;0.00312969
believd;1;0.00312969
bellow;1;0.00312969
bellowed;1;0.00312969
bells;1;0.00312969
belovd;1;0.00312969
bended;1;0.00312969
benefit;1;0.00312969
benetted;1;0.00312969
berattle;1;0.00312969
beseechd;1;0.00312969
beshrew;1;0.00312969
besides;1;0.00312969
besmirch;1;0.00312969
bespeak;1;0.00312969
bestial;1;0.00312969
bet;1;0.00312969
beteem;1;0.00312969
bethought;1;0.00312969
betimes;1;0.00312969
betoken;1;0.00312969
betterd;1;0.00312969
bevy;1;0.00312969
bewept;1;0.00312969
bias;1;0.00312969
bier;1;0.00312969
bilboes;1;0.00312969
birds;1;0.00312969
bisson;1;0.00312969
bites;1;0.00312969
blackest;1;0.00312969
blanket;1;0.00312969
blanks;1;0.00312969
blasting;1;0.00312969
blastments;1;0.00312969
blasts;1;0.00312969
blaze;1;0.00312969
blazes;1;0.00312969
blazon;1;0.00312969
bleeding;1;0.00312969
blench;1;0.00312969
blister;1;0.00312969
bloat;1;0.00312969
bloodily;1;0.00312969
blossoms;1;0.00312969
blue;1;0.00312969
blunted;1;0.00312969
blurs;1;0.00312969
board;1;0.00312969
boarded;1;0.00312969
bodes;1;0.00312969
bodiless;1;0.00312969
bodkin;1;0.00312969
bodykins;1;0.00312969
boistrous;1;0.00312969
bonnet;1;0.00312969
bonny;1;0.00312969
books;1;0.00312969
borrowed;1;0.00312969
borrower;1;0.00312969
borrowing;1;0.00312969
botch;1;0.00312969
boughs;1;0.00312969
bought;1;0.00312969
bounded;1;0.00312969
bounds;1;0.00312969
bounteous;1;0.00312969
bounty;1;0.00312969
bourn;1;0.00312969
bout;1;0.00312969
bouts;1;0.00312969
bowl;1;0.00312969
box;1;0.00312969
boys;1;0.00312969
brainish;1;0.00312969
branchesit;1;0.00312969
brands;1;0.00312969
bravery;1;0.00312969
bray;1;0.00312969
brazd;1;0.00312969
brazen;1;0.00312969
breach;1;0.00312969
bread;1;0.00312969
breadth;1;0.00312969
breaking;1;0.00312969
breast;1;0.00312969
breathes;1;0.00312969
breeder;1;0.00312969
breeding;1;0.00312969
brevity;1;0.00312969
bridebed;1;0.00312969
bringing;1;0.00312969
brings;1;0.00312969
broach;1;0.00312969
broken;1;0.00312969
brokers;1;0.00312969
brood;1;0.00312969
brothel;1;0.00312969
bruit;1;0.00312969
brute;1;0.00312969
brutus;1;0.00312969
bubbles;1;0.00312969
budge;1;0.00312969
buffets;1;0.00312969
bugs;1;0.00312969
build;1;0.00312969
built;1;0.00312969
bulwark;1;0.00312969
bunghole;1;0.00312969
burnt;1;0.00312969
burthen;1;0.00312969
busy;1;0.00312969
button;1;0.00312969
buttons;1;0.00312969
buy;1;0.00312969
buyer;1;0.00312969
buys;1;0.00312969
buzzers;1;0.00312969
c;1;0.00312969
cabin;1;0.00312969
cains;1;0.00312969
calamity;1;0.00312969
calendar;1;0.00312969
calf;1;0.00312969
callt;1;0.00312969
calmly;1;0.00312969
calumnious;1;0.00312969
calumny;1;0.00312969
calves;1;0.00312969
calveskins;1;0.00312969
candied;1;0.00312969
cannoneer;1;0.00312969
cannons;1;0.00312969
canon;1;0.00312969
canonizd;1;0.00312969
canopy;1;0.00312969
capability;1;0.00312969
capape;1;0.00312969
capitol;1;0.00312969
capons;1;0.00312969
caps;1;0.00312969
captains;1;0.00312969
carbuncles;1;0.00312969
carefully;1;0.00312969
careless;1;0.00312969
carnal;1;0.00312969
carouses;1;0.00312969
carp;1;0.00312969
carriage;1;0.00312969
carried;1;0.00312969
carries;1;0.00312969
carrion;1;0.00312969
cars;1;0.00312969
cart;1;0.00312969
carters;1;0.00312969
carve;1;0.00312969
case;1;0.00312969
cases;1;0.00312969
casual;1;0.00312969
cat;1;0.00312969
cataplasm;1;0.00312969
cautel;1;0.00312969
caution;1;0.00312969
caviary;1;0.00312969
cease;1;0.00312969
celebrated;1;0.00312969
cell;1;0.00312969
cellarage;1;0.00312969
centre;1;0.00312969
cerements;1;0.00312969
certainty;1;0.00312969
cesse;1;0.00312969
chalice;1;0.00312969
challenger;1;0.00312969
chamberlain;1;0.00312969
chameleons;1;0.00312969
changed;1;0.00312969
changeling;1;0.00312969
changes;1;0.00312969
chanson;1;0.00312969
chap;1;0.00312969
chapless;1;0.00312969
chariest;1;0.00312969
charity;1;0.00312969
charm;1;0.00312969
chase;1;0.00312969
chaunted;1;0.00312969
checking;1;0.00312969
cherub;1;0.00312969
chide;1;0.00312969
chiefest;1;0.00312969
chiefly;1;0.00312969
chopine;1;0.00312969
chorus;1;0.00312969
chough;1;0.00312969
christians;1;0.00312969
chronicles;1;0.00312969
churches;1;0.00312969
churchyard;1;0.00312969
churchyards;1;0.00312969
churlish;1;0.00312969
cicatrice;1;0.00312969
circumscribd;1;0.00312969
circumstances;1;0.00312969
circumvent;1;0.00312969
clad;1;0.00312969
claim;1;0.00312969
clambring;1;0.00312969
clamour;1;0.00312969
clappd;1;0.00312969
claudio;1;0.00312969
clawed;1;0.00312969
clays;1;0.00312969
clear;1;0.00312969
clearly;1;0.00312969
cleave;1;0.00312969
cleft;1;0.00312969
clemency;1;0.00312969
cliff;1;0.00312969
climature;1;0.00312969
clip;1;0.00312969
cloak;1;0.00312969
cloes;1;0.00312969
closely;1;0.00312969
clothe;1;0.00312969
clothes;1;0.00312969
cloud;1;0.00312969
clout;1;0.00312969
clouts;1;0.00312969
clutch;1;0.00312969
coach;1;0.00312969
coagulate;1;0.00312969
cockle;1;0.00312969
coffin;1;0.00312969
coil;1;0.00312969
coinage;1;0.00312969
collateral;1;0.00312969
colleagued;1;0.00312969
colours;1;0.00312969
columbines;1;0.00312969
comart;1;0.00312969
combat;1;0.00312969
combated;1;0.00312969
combination;1;0.00312969
combined;1;0.00312969
comfort;1;0.00312969
comma;1;0.00312969
commanded;1;0.00312969
commands;1;0.00312969
commencement;1;0.00312969
commendable;1;0.00312969
commended;1;0.00312969
comment;1;0.00312969
commerce;1;0.00312969
commingled;1;0.00312969
commune;1;0.00312969
compact;1;0.00312969
companies;1;0.00312969
companions;1;0.00312969
company;1;0.00312969
compare;1;0.00312969
compass;1;0.00312969
compelld;1;0.00312969
compelled;1;0.00312969
competent;1;0.00312969
complete;1;0.00312969
composd;1;0.00312969
compost;1;0.00312969
compound;1;0.00312969
compounded;1;0.00312969
compulsatory;1;0.00312969
compulsive;1;0.00312969
comrade;1;0.00312969
comutual;1;0.00312969
conceald;1;0.00312969
conceive;1;0.00312969
conception;1;0.00312969
concernancy;1;0.00312969
concernings;1;0.00312969
concluded;1;0.00312969
conclusions;1;0.00312969
condole;1;0.00312969
condolement;1;0.00312969
confederate;1;0.00312969
conference;1;0.00312969
confesst;1;0.00312969
confind;1;0.00312969
confines;1;0.00312969
confront;1;0.00312969
confusion;1;0.00312969
congregation;1;0.00312969
congruing;1;0.00312969
conjectures;1;0.00312969
conjoind;1;0.00312969
conjunctive;1;0.00312969
conjuration;1;0.00312969
conjure;1;0.00312969
conjures;1;0.00312969
conqueror;1;0.00312969
conquest;1;0.00312969
considerd;1;0.00312969
considered;1;0.00312969
consonancy;1;0.00312969
constant;1;0.00312969
constantly;1;0.00312969
consummation;1;0.00312969
contagious;1;0.00312969
containing;1;0.00312969
contend;1;0.00312969
contents;1;0.00312969
continual;1;0.00312969
contract;1;0.00312969
contracted;1;0.00312969
contraction;1;0.00312969
contrary;1;0.00312969
contriving;1;0.00312969
controversy;1;0.00312969
contumely;1;0.00312969
convenience;1;0.00312969
conveniently;1;0.00312969
conversation;1;0.00312969
converse;1;0.00312969
converted;1;0.00312969
convey;1;0.00312969
conveyance;1;0.00312969
conveyances;1;0.00312969
convocation;1;0.00312969
convoy;1;0.00312969
cool;1;0.00312969
copd;1;0.00312969
copied;1;0.00312969
cor;1;0.00312969
core;1;0.00312969
corner;1;0.00312969
coronation;1;0.00312969
coronet;1;0.00312969
corrupted;1;0.00312969
corses;1;0.00312969
costly;1;0.00312969
coted;1;0.00312969
couched;1;0.00312969
counsellor;1;0.00312969
counter;1;0.00312969
counterfeit;1;0.00312969
countnance;1;0.00312969
countries;1;0.00312969
countrymen;1;0.00312969
countrys;1;0.00312969
couple;1;0.00312969
couplets;1;0.00312969
courses;1;0.00312969
courteous;1;0.00312969
courtesy;1;0.00312969
cowards;1;0.00312969
cozend;1;0.00312969
coznage;1;0.00312969
crab;1;0.00312969
crack;1;0.00312969
crackd;1;0.00312969
cracks;1;0.00312969
crafts;1;0.00312969
crafty;1;0.00312969
crants;1;0.00312969
crash;1;0.00312969
craven;1;0.00312969
craves;1;0.00312969
crawling;1;0.00312969
creation;1;0.00312969
credent;1;0.00312969
creep;1;0.00312969
crescent;1;0.00312969
crib;1;0.00312969
crier;1;0.00312969
crimeful;1;0.00312969
croaking;1;0.00312969
crocodile;1;0.00312969
crook;1;0.00312969
cross;1;0.00312969
crowflowers;1;0.00312969
crowing;1;0.00312969
crowner;1;0.00312969
crowners;1;0.00312969
crowns;1;0.00312969
crows;1;0.00312969
crust;1;0.00312969
cuckold;1;0.00312969
cudgel;1;0.00312969
cue;1;0.00312969
cuffs;1;0.00312969
cum;1;0.00312969
cunnings;1;0.00312969
cups;1;0.00312969
curb;1;0.00312969
curd;1;0.00312969
cure;1;0.00312969
curiously;1;0.00312969
curls;1;0.00312969
curse;1;0.00312969
customary;1;0.00312969
cutpurse;1;0.00312969
cyclops;1;0.00312969
dagger;1;0.00312969
daily;1;0.00312969
daintier;1;0.00312969
daisies;1;0.00312969
daisy;1;0.00312969
dalliance;1;0.00312969
dally;1;0.00312969
dallying;1;0.00312969
damn;1;0.00312969
damnable;1;0.00312969
damnation;1;0.00312969
damon;1;0.00312969
danskers;1;0.00312969
dard;1;0.00312969
dark;1;0.00312969
darkest;1;0.00312969
darst;1;0.00312969
daughters;1;0.00312969
dawning;1;0.00312969
deal;1;0.00312969
dealt;1;0.00312969
dearth;1;0.00312969
deathbed;1;0.00312969
deaths;1;0.00312969
debate;1;0.00312969
debatement;1;0.00312969
debt;1;0.00312969
decayer;1;0.00312969
deceivd;1;0.00312969
deceived;1;0.00312969
deckd;1;0.00312969
declension;1;0.00312969
decline;1;0.00312969
declines;1;0.00312969
declining;1;0.00312969
deeds;1;0.00312969
deeply;1;0.00312969
deer;1;0.00312969
defeated;1;0.00312969
defeats;1;0.00312969
defective;1;0.00312969
define;1;0.00312969
definement;1;0.00312969
defy;1;0.00312969
deject;1;0.00312969
dejected;1;0.00312969
delays;1;0.00312969
deliberate;1;0.00312969
deliverd;1;0.00312969
delivered;1;0.00312969
delve;1;0.00312969
delver;1;0.00312969
demanded;1;0.00312969
deminaturd;1;0.00312969
demonstrated;1;0.00312969
denied;1;0.00312969
denies;1;0.00312969
denote;1;0.00312969
depart;1;0.00312969
departed;1;0.00312969
deprivd;1;0.00312969
deprive;1;0.00312969
deserve;1;0.00312969
deserved;1;0.00312969
designd;1;0.00312969
desirous;1;0.00312969
desk;1;0.00312969
despisd;1;0.00312969
despite;1;0.00312969
detecting;1;0.00312969
determination;1;0.00312969
determine;1;0.00312969
device;1;0.00312969
devices;1;0.00312969
devisd;1;0.00312969
devise;1;0.00312969
devotions;1;0.00312969
devoutly;1;0.00312969
dews;1;0.00312969
dexterity;1;0.00312969
diameter;1;0.00312969
dicers;1;0.00312969
diction;1;0.00312969
didest;1;0.00312969
dido;1;0.00312969
differences;1;0.00312969
different;1;0.00312969
digested;1;0.00312969
diggd;1;0.00312969
digs;1;0.00312969
dilated;1;0.00312969
dild;1;0.00312969
diligence;1;0.00312969
dip;1;0.00312969
dipping;1;0.00312969
dire;1;0.00312969
directions;1;0.00312969
dirge;1;0.00312969
dirty;1;0.00312969
disappointed;1;0.00312969
disasters;1;0.00312969
disclaiming;1;0.00312969
disclose;1;0.00312969
discomfort;1;0.00312969
discord;1;0.00312969
discovery;1;0.00312969
diseasd;1;0.00312969
disease;1;0.00312969
diseases;1;0.00312969
dish;1;0.00312969
dishes;1;0.00312969
disjoint;1;0.00312969
dislike;1;0.00312969
dismantled;1;0.00312969
dismay;1;0.00312969
dispatchd;1;0.00312969
distant;1;0.00312969
distemperd;1;0.00312969
distilld;1;0.00312969
distilment;1;0.00312969
distinguish;1;0.00312969
distract;1;0.00312969
distress;1;0.00312969
ditchers;1;0.00312969
divided;1;0.00312969
divine;1;0.00312969
divulging;1;0.00312969
doctor;1;0.00312969
document;1;0.00312969
dogs;1;0.00312969
doing;1;0.00312969
dole;1;0.00312969
dominions;1;0.00312969
donnd;1;0.00312969
doom;1;0.00312969
doomd;1;0.00312969
dotes;1;0.00312969
doublet;1;0.00312969
doubts;1;0.00312969
dout;1;0.00312969
douts;1;0.00312969
downgyved;1;0.00312969
dowry;1;0.00312969
dozed;1;0.00312969
dozy;1;0.00312969
drab;1;0.00312969
drabbing;1;0.00312969
draggd;1;0.00312969
drains;1;0.00312969
dram;1;0.00312969
dramatis;1;0.00312969
draughts;1;0.00312969
dreaded;1;0.00312969
dreadfully;1;0.00312969
dreamt;1;0.00312969
drinking;1;0.00312969
driven;1;0.00312969
drives;1;0.00312969
drooping;1;0.00312969
drop;1;0.00312969
dropping;1;0.00312969
droppings;1;0.00312969
drossy;1;0.00312969
drowns;1;0.00312969
drugs;1;0.00312969
drunk;1;0.00312969
drunkards;1;0.00312969
ducat;1;0.00312969
due;1;0.00312969
dug;1;0.00312969
dukes;1;0.00312969
duller;1;0.00312969
dulls;1;0.00312969
dungeons;1;0.00312969
duppd;1;0.00312969
duties;1;0.00312969
dwelling;1;0.00312969
dye;1;0.00312969
dying;1;0.00312969
earnest;1;0.00312969
earthly;1;0.00312969
easier;1;0.00312969
easily;1;0.00312969
easing;1;0.00312969
east;1;0.00312969
eastward;1;0.00312969
eaten;1;0.00312969
eclipse;1;0.00312969
ecstacy;1;0.00312969
edified;1;0.00312969
eer;1;0.00312969
eggshell;1;0.00312969
eight;1;0.00312969
eil;1;0.00312969
elder;1;0.00312969
eldest;1;0.00312969
element;1;0.00312969
eleven;1;0.00312969
eloquent;1;0.00312969
embarkd;1;0.00312969
embracing;1;0.00312969
emperor;1;0.00312969
emphasis;1;0.00312969
employ;1;0.00312969
empty;1;0.00312969
emulate;1;0.00312969
enactures;1;0.00312969
encompassment;1;0.00312969
encorporal;1;0.00312969
encountred;1;0.00312969
encumbred;1;0.00312969
endeavour;1;0.00312969
ended;1;0.00312969
ending;1;0.00312969
endure;1;0.00312969
engagd;1;0.00312969
enginer;1;0.00312969
englands;1;0.00312969
enlargd;1;0.00312969
enmity;1;0.00312969
enquire;1;0.00312969
enseamed;1;0.00312969
enterprises;1;0.00312969
enters;1;0.00312969
entrance;1;0.00312969
entreated;1;0.00312969
entreatments;1;0.00312969
envenom;1;0.00312969
envious;1;0.00312969
enviously;1;0.00312969
equivocation;1;0.00312969
err;1;0.00312969
erring;1;0.00312969
errors;1;0.00312969
eruption;1;0.00312969
escoted;1;0.00312969
esill;1;0.00312969
especial;1;0.00312969
espials;1;0.00312969
essentially;1;0.00312969
esteemd;1;0.00312969
estimation;1;0.00312969
et;1;0.00312969
eterne;1;0.00312969
eternity;1;0.00312969
evenchristen;1;0.00312969
events;1;0.00312969
everlasting;1;0.00312969
evermore;1;0.00312969
everpreserved;1;0.00312969
evidence;1;0.00312969
exact;1;0.00312969
exactly;1;0.00312969
examples;1;0.00312969
exceed;1;0.00312969
exceedingly;1;0.00312969
exception;1;0.00312969
excitements;1;0.00312969
exclaim;1;0.00312969
excrements;1;0.00312969
excuse;1;0.00312969
exercises;1;0.00312969
exhort;1;0.00312969
expectancy;1;0.00312969
expend;1;0.00312969
expense;1;0.00312969
exploit;1;0.00312969
exposing;1;0.00312969
expostulate;1;0.00312969
expressd;1;0.00312969
extant;1;0.00312969
extent;1;0.00312969
exterior;1;0.00312969
extinct;1;0.00312969
extolment;1;0.00312969
extorted;1;0.00312969
extravagant;1;0.00312969
eyases;1;0.00312969
eyelids;1;0.00312969
eyrie;1;0.00312969
faction;1;0.00312969
faded;1;0.00312969
fadoms;1;0.00312969
faild;1;0.00312969
fairjudgment;1;0.00312969
fairly;1;0.00312969
fairy;1;0.00312969
falconers;1;0.00312969
falling;1;0.00312969
fallingoff;1;0.00312969
falsehood;1;0.00312969
falsely;1;0.00312969
familiar;1;0.00312969
famous;1;0.00312969
fangd;1;0.00312969
fannd;1;0.00312969
fantastic;1;0.00312969
fardels;1;0.00312969
fatness;1;0.00312969
fatted;1;0.00312969
favourite;1;0.00312969
fawning;1;0.00312969
fay;1;0.00312969
feard;1;0.00312969
fearful;1;0.00312969
fearing;1;0.00312969
fearsurprised;1;0.00312969
feather;1;0.00312969
feathers;1;0.00312969
feats;1;0.00312969
feeds;1;0.00312969
feel;1;0.00312969
feelingly;1;0.00312969
feels;1;0.00312969
felicity;1;0.00312969
fellies;1;0.00312969
female;1;0.00312969
fencing;1;0.00312969
fennel;1;0.00312969
fertile;1;0.00312969
fetters;1;0.00312969
fiction;1;0.00312969
field;1;0.00312969
fiends;1;0.00312969
fierce;1;0.00312969
fifty;1;0.00312969
filial;1;0.00312969
film;1;0.00312969
findst;1;0.00312969
finger;1;0.00312969
fingerd;1;0.00312969
fires;1;0.00312969
firm;1;0.00312969
firmament;1;0.00312969
fitness;1;0.00312969
fitted;1;0.00312969
fitting;1;0.00312969
flagon;1;0.00312969
flagons;1;0.00312969
flash;1;0.00312969
flashes;1;0.00312969
flats;1;0.00312969
flatter;1;0.00312969
flatterd;1;0.00312969
flattering;1;0.00312969
flaw;1;0.00312969
flaxen;1;0.00312969
flies;1;0.00312969
flights;1;0.00312969
flints;1;0.00312969
flood;1;0.00312969
flourishes;1;0.00312969
flush;1;0.00312969
flushing;1;0.00312969
foh;1;0.00312969
folded;1;0.00312969
folk;1;0.00312969
followd;1;0.00312969
followers;1;0.00312969
folly;1;0.00312969
fond;1;0.00312969
foolery;1;0.00312969
forbear;1;0.00312969
forcing;1;0.00312969
fordo;1;0.00312969
fordoes;1;0.00312969
fore;1;0.00312969
foreign;1;0.00312969
foreknowing;1;0.00312969
foresaid;1;0.00312969
forest;1;0.00312969
forestall;1;0.00312969
forestalled;1;0.00312969
forfeit;1;0.00312969
forgd;1;0.00312969
forged;1;0.00312969
forgeries;1;0.00312969
forgery;1;0.00312969
forgetting;1;0.00312969
forgiveness;1;0.00312969
forgone;1;0.00312969
forgotten;1;0.00312969
formal;1;0.00312969
forthwith;1;0.00312969
fortifications;1;0.00312969
fortified;1;0.00312969
forts;1;0.00312969
fought;1;0.00312969
fould;1;0.00312969
fox;1;0.00312969
frailty;1;0.00312969
freefooted;1;0.00312969
freeze;1;0.00312969
frenchman;1;0.00312969
fret;1;0.00312969
fretful;1;0.00312969
fretted;1;0.00312969
friending;1;0.00312969
friendship;1;0.00312969
frighted;1;0.00312969
frock;1;0.00312969
front;1;0.00312969
frontier;1;0.00312969
frost;1;0.00312969
frownd;1;0.00312969
frowningly;1;0.00312969
fruitful;1;0.00312969
fruits;1;0.00312969
fulfilld;1;0.00312969
function;1;0.00312969
functions;1;0.00312969
furnish;1;0.00312969
fust;1;0.00312969
gaged;1;0.00312969
gaingiving;1;0.00312969
gallant;1;0.00312969
galld;1;0.00312969
galled;1;0.00312969
gallowsmaker;1;0.00312969
gambol;1;0.00312969
gambols;1;0.00312969
gape;1;0.00312969
garb;1;0.00312969
garbage;1;0.00312969
gardners;1;0.00312969
garland;1;0.00312969
garlands;1;0.00312969
garments;1;0.00312969
garrisond;1;0.00312969
gates;1;0.00312969
gaudy;1;0.00312969
gauntlets;1;0.00312969
gavet;1;0.00312969
gem;1;0.00312969
gender;1;0.00312969
gentlewoman;1;0.00312969
gently;1;0.00312969
germane;1;0.00312969
gestures;1;0.00312969
getrude;1;0.00312969
gets;1;0.00312969
ghosts;1;0.00312969
giantlike;1;0.00312969
gib;1;0.00312969
gibber;1;0.00312969
gibes;1;0.00312969
gilded;1;0.00312969
gins;1;0.00312969
girdle;1;0.00312969
girl;1;0.00312969
gis;1;0.00312969
givers;1;0.00312969
glares;1;0.00312969
glassy;1;0.00312969
glean;1;0.00312969
gleand;1;0.00312969
glimpses;1;0.00312969
globe;1;0.00312969
glow;1;0.00312969
glowworm;1;0.00312969
goblin;1;0.00312969
goblins;1;0.00312969
godamercy;1;0.00312969
godlike;1;0.00312969
gold;1;0.00312969
gonzagos;1;0.00312969
goodman;1;0.00312969
goosequills;1;0.00312969
gore;1;0.00312969
gorge;1;0.00312969
govern;1;0.00312969
grained;1;0.00312969
grand;1;0.00312969
grandsire;1;0.00312969
grant;1;0.00312969
grapples;1;0.00312969
grass;1;0.00312969
grassgreen;1;0.00312969
grating;1;0.00312969
gratis;1;0.00312969
gravediggers;1;0.00312969
gravemakers;1;0.00312969
gravemaking;1;0.00312969
graveness;1;0.00312969
greatly;1;0.00312969
greatness;1;0.00312969
greeks;1;0.00312969
greenly;1;0.00312969
greet;1;0.00312969
greeted;1;0.00312969
greeting;1;0.00312969
greetings;1;0.00312969
grew;1;0.00312969
grey;1;0.00312969
griefs;1;0.00312969
grievd;1;0.00312969
grieves;1;0.00312969
grinning;1;0.00312969
grizzled;1;0.00312969
groan;1;0.00312969
groaning;1;0.00312969
groans;1;0.00312969
gropd;1;0.00312969
grosser;1;0.00312969
grossly;1;0.00312969
groundas;1;0.00312969
groundlings;1;0.00312969
grounds;1;0.00312969
growing;1;0.00312969
grunt;1;0.00312969
guarded;1;0.00312969
guards;1;0.00312969
guiltless;1;0.00312969
gules;1;0.00312969
gulf;1;0.00312969
gum;1;0.00312969
habits;1;0.00312969
hail;1;0.00312969
hair;1;0.00312969
hairs;1;0.00312969
halfpenny;1;0.00312969
hallowd;1;0.00312969
halt;1;0.00312969
hammers;1;0.00312969
hams;1;0.00312969
handsaw;1;0.00312969
handsome;1;0.00312969
hap;1;0.00312969
happen;1;0.00312969
happiness;1;0.00312969
haps;1;0.00312969
harbingers;1;0.00312969
hardy;1;0.00312969
hark;1;0.00312969
harlot;1;0.00312969
harlots;1;0.00312969
harmony;1;0.00312969
harping;1;0.00312969
harrow;1;0.00312969
harrows;1;0.00312969
harshly;1;0.00312969
hart;1;0.00312969
hasten;1;0.00312969
hasty;1;0.00312969
hatch;1;0.00312969
hatchment;1;0.00312969
hate;1;0.00312969
haunt;1;0.00312969
hautboys;1;0.00312969
havior;1;0.00312969
haviour;1;0.00312969
havoc;1;0.00312969
hawk;1;0.00312969
hazard;1;0.00312969
headshake;1;0.00312969
healthful;1;0.00312969
hearer;1;0.00312969
hearsed;1;0.00312969
heartache;1;0.00312969
heathen;1;0.00312969
heavenkissing;1;0.00312969
heaves;1;0.00312969
heavily;1;0.00312969
heavyheaded;1;0.00312969
hebona;1;0.00312969
hecates;1;0.00312969
hectic;1;0.00312969
hedge;1;0.00312969
heedful;1;0.00312969
height;1;0.00312969
heir;1;0.00312969
hellish;1;0.00312969
helpful;1;0.00312969
helps;1;0.00312969
hems;1;0.00312969
hent;1;0.00312969
herald;1;0.00312969
herb;1;0.00312969
hereafter;1;0.00312969
herod;1;0.00312969
heroes;1;0.00312969
heyday;1;0.00312969
hic;1;0.00312969
hides;1;0.00312969
hies;1;0.00312969
higher;1;0.00312969
highest;1;0.00312969
highly;1;0.00312969
highness;1;0.00312969
hillo;1;0.00312969
hilts;1;0.00312969
hinds;1;0.00312969
hinges;1;0.00312969
hire;1;0.00312969
historicalpastoral;1;0.00312969
hoar;1;0.00312969
hoist;1;0.00312969
holding;1;0.00312969
holdst;1;0.00312969
hole;1;0.00312969
holla;1;0.00312969
hollow;1;0.00312969
homage;1;0.00312969
honey;1;0.00312969
honeying;1;0.00312969
hoo;1;0.00312969
hoodmanblind;1;0.00312969
hoops;1;0.00312969
hopd;1;0.00312969
hopes;1;0.00312969
horrors;1;0.00312969
horseback;1;0.00312969
host;1;0.00312969
hourly;1;0.00312969
hover;1;0.00312969
howeer;1;0.00312969
howling;1;0.00312969
howsoever;1;0.00312969
hue;1;0.00312969
huge;1;0.00312969
huggermugger;1;0.00312969
humanity;1;0.00312969
humble;1;0.00312969
humorous;1;0.00312969
hung;1;0.00312969
hunts;1;0.00312969
husbandry;1;0.00312969
hush;1;0.00312969
hymen;1;0.00312969
hyperion;1;0.00312969
hyperions;1;0.00312969
hypocrite;1;0.00312969
hypocrites;1;0.00312969
hyrcanian;1;0.00312969
idol;1;0.00312969
ilium;1;0.00312969
illbreeding;1;0.00312969
illo;1;0.00312969
ills;1;0.00312969
illume;1;0.00312969
illusion;1;0.00312969
imaginations;1;0.00312969
imagine;1;0.00312969
imitated;1;0.00312969
immediately;1;0.00312969
immortal;1;0.00312969
impartment;1;0.00312969
impasted;1;0.00312969
impatient;1;0.00312969
imperfections;1;0.00312969
imperial;1;0.00312969
imperious;1;0.00312969
impetuous;1;0.00312969
impious;1;0.00312969
implements;1;0.00312969
implorators;1;0.00312969
important;1;0.00312969
importunate;1;0.00312969
importund;1;0.00312969
importunity;1;0.00312969
imposthume;1;0.00312969
impotence;1;0.00312969
impotent;1;0.00312969
impress;1;0.00312969
impression;1;0.00312969
imputation;1;0.00312969
incapable;1;0.00312969
incensed;1;0.00312969
incest;1;0.00312969
inch;1;0.00312969
inclind;1;0.00312969
inclining;1;0.00312969
incontinency;1;0.00312969
incorpsd;1;0.00312969
incorrect;1;0.00312969
increase;1;0.00312969
indentures;1;0.00312969
index;1;0.00312969
indict;1;0.00312969
indifferently;1;0.00312969
indirections;1;0.00312969
indiscretion;1;0.00312969
individable;1;0.00312969
indued;1;0.00312969
inexplicable;1;0.00312969
infallibly;1;0.00312969
infants;1;0.00312969
infect;1;0.00312969
infected;1;0.00312969
infects;1;0.00312969
influence;1;0.00312969
infusion;1;0.00312969
ingenious;1;0.00312969
inheritance;1;0.00312969
inheritor;1;0.00312969
inhibition;1;0.00312969
inky;1;0.00312969
inmost;1;0.00312969
innocent;1;0.00312969
innovation;1;0.00312969
inoculate;1;0.00312969
inquire;1;0.00312969
insert;1;0.00312969
insinuation;1;0.00312969
insolence;1;0.00312969
instance;1;0.00312969
instances;1;0.00312969
instantly;1;0.00312969
instructs;1;0.00312969
instrumental;1;0.00312969
intend;1;0.00312969
intents;1;0.00312969
inter;1;0.00312969
interim;1;0.00312969
interpret;1;0.00312969
intil;1;0.00312969
intruding;1;0.00312969
inurnd;1;0.00312969
inventorially;1;0.00312969
inventors;1;0.00312969
investments;1;0.00312969
invisible;1;0.00312969
invite;1;0.00312969
invites;1;0.00312969
invulnerable;1;0.00312969
israel;1;0.00312969
italian;1;0.00312969
its;1;0.00312969
jade;1;0.00312969
jangled;1;0.00312969
jaw;1;0.00312969
jawbone;1;0.00312969
jaws;1;0.00312969
jelly;1;0.00312969
jester;1;0.00312969
jigmaker;1;0.00312969
jocund;1;0.00312969
johnadreams;1;0.00312969
joint;1;0.00312969
jointlabourer;1;0.00312969
jointly;1;0.00312969
jointress;1;0.00312969
journeymen;1;0.00312969
journeys;1;0.00312969
jowls;1;0.00312969
joyfully;1;0.00312969
judges;1;0.00312969
judicious;1;0.00312969
juggled;1;0.00312969
juice;1;0.00312969
justice;1;0.00312969
kettle;1;0.00312969
kettledrum;1;0.00312969
kettledrums;1;0.00312969
key;1;0.00312969
kibe;1;0.00312969
kick;1;0.00312969
killed;1;0.00312969
kindless;1;0.00312969
kingly;1;0.00312969
kissd;1;0.00312969
kissing;1;0.00312969
kites;1;0.00312969
kllld;1;0.00312969
knaves;1;0.00312969
knee;1;0.00312969
knewst;1;0.00312969
knife;1;0.00312969
knight;1;0.00312969
knock;1;0.00312969
knockd;1;0.00312969
knocking;1;0.00312969
knotted;1;0.00312969
knowest;1;0.00312969
knowledge;1;0.00312969
knowt;1;0.00312969
la;1;0.00312969
labourd;1;0.00312969
laboursome;1;0.00312969
lackd;1;0.00312969
lacks;1;0.00312969
lads;1;0.00312969
ladys;1;0.00312969
ladyship;1;0.00312969
lament;1;0.00312969
lamound;1;0.00312969
lank;1;0.00312969
lapsd;1;0.00312969
lapwing;1;0.00312969
large;1;0.00312969
larger;1;0.00312969
lash;1;0.00312969
lasts;1;0.00312969
lawful;1;0.00312969
laws;1;0.00312969
lawyer;1;0.00312969
lays;1;0.00312969
lazarlike;1;0.00312969
leads;1;0.00312969
lean;1;0.00312969
leans;1;0.00312969
leaping;1;0.00312969
learn;1;0.00312969
learning;1;0.00312969
lecherous;1;0.00312969
lecture;1;0.00312969
led;1;0.00312969
legs;1;0.00312969
lender;1;0.00312969
lends;1;0.00312969
lenten;1;0.00312969
leperous;1;0.00312969
lesser;1;0.00312969
lesson;1;0.00312969
lethe;1;0.00312969
levied;1;0.00312969
lewdness;1;0.00312969
liar;1;0.00312969
liberalconceited;1;0.00312969
libertine;1;0.00312969
license;1;0.00312969
lick;1;0.00312969
lids;1;0.00312969
liegemen;1;0.00312969
lien;1;0.00312969
liferendring;1;0.00312969
lifted;1;0.00312969
lifts;1;0.00312969
lighted;1;0.00312969
lightest;1;0.00312969
lightness;1;0.00312969
likelihood;1;0.00312969
likely;1;0.00312969
likeness;1;0.00312969
likewise;1;0.00312969
limed;1;0.00312969
linkd;1;0.00312969
lions;1;0.00312969
liquid;1;0.00312969
lisp;1;0.00312969
lists;1;0.00312969
littlest;1;0.00312969
livd;1;0.00312969
lived;1;0.00312969
livst;1;0.00312969
load;1;0.00312969
loan;1;0.00312969
loathsome;1;0.00312969
locks;1;0.00312969
lodgd;1;0.00312969
lodge;1;0.00312969
lofty;1;0.00312969
loggets;1;0.00312969
loins;1;0.00312969
loneliness;1;0.00312969
longed;1;0.00312969
looking;1;0.00312969
loosed;1;0.00312969
loser;1;0.00312969
loses;1;0.00312969
losing;1;0.00312969
loss;1;0.00312969
lot;1;0.00312969
loudly;1;0.00312969
lover;1;0.00312969
lovingly;1;0.00312969
low;1;0.00312969
lowest;1;0.00312969
luc;1;0.00312969
lug;1;0.00312969
lunacies;1;0.00312969
luxury;1;0.00312969
lying;1;0.00312969
machine;1;0.00312969
magic;1;0.00312969
maimed;1;0.00312969
mainly;1;0.00312969
maintains;1;0.00312969
malefactions;1;0.00312969
malhecho;1;0.00312969
mandate;1;0.00312969
manner;1;0.00312969
mantle;1;0.00312969
marble;1;0.00312969
marching;1;0.00312969
margent;1;0.00312969
market;1;0.00312969
marriages;1;0.00312969
marrow;1;0.00312969
mars;1;0.00312969
marshal;1;0.00312969
marss;1;0.00312969
mart;1;0.00312969
martial;1;0.00312969
marvel;1;0.00312969
marvellous;1;0.00312969
marvells;1;0.00312969
massy;1;0.00312969
master;1;0.00312969
masterly;1;0.00312969
match;1;0.00312969
matchd;1;0.00312969
matin;1;0.00312969
matrons;1;0.00312969
mayst;1;0.00312969
mazzard;1;0.00312969
meaning;1;0.00312969
meantime;1;0.00312969
meats;1;0.00312969
medicine;1;0.00312969
meditation;1;0.00312969
meed;1;0.00312969
mellow;1;0.00312969
melodious;1;0.00312969
mend;1;0.00312969
mercury;1;0.00312969
mermaidlike;1;0.00312969
merriment;1;0.00312969
message;1;0.00312969
met;1;0.00312969
metal;1;0.00312969
metals;1;0.00312969
mettle;1;0.00312969
mew;1;0.00312969
mewith;1;0.00312969
miching;1;0.00312969
midnight;1;0.00312969
mightier;1;0.00312969
mightiest;1;0.00312969
mighty;1;0.00312969
mightyyou;1;0.00312969
milch;1;0.00312969
mildewd;1;0.00312969
milk;1;0.00312969
milky;1;0.00312969
million;1;0.00312969
millions;1;0.00312969
mincing;1;0.00312969
mineral;1;0.00312969
mines;1;0.00312969
mining;1;0.00312969
minister;1;0.00312969
ministers;1;0.00312969
ministring;1;0.00312969
minute;1;0.00312969
minutes;1;0.00312969
miraculous;1;0.00312969
mischief;1;0.00312969
miss;1;0.00312969
mistook;1;0.00312969
mixture;1;0.00312969
moan;1;0.00312969
mockery;1;0.00312969
model;1;0.00312969
moderate;1;0.00312969
modesties;1;0.00312969
moe;1;0.00312969
moiety;1;0.00312969
moist;1;0.00312969
monarchs;1;0.00312969
monday;1;0.00312969
monster;1;0.00312969
monsters;1;0.00312969
monstrous;1;0.00312969
monument;1;0.00312969
mood;1;0.00312969
moods;1;0.00312969
moons;1;0.00312969
moor;1;0.00312969
mope;1;0.00312969
moreover;1;0.00312969
morrow;1;0.00312969
mortisd;1;0.00312969
mote;1;0.00312969
mould;1;0.00312969
moult;1;0.00312969
mountebank;1;0.00312969
mourn;1;0.00312969
mournd;1;0.00312969
mourning;1;0.00312969
mousetrap;1;0.00312969
mouthd;1;0.00312969
mouths;1;0.00312969
movd;1;0.00312969
moving;1;0.00312969
mows;1;0.00312969
muddied;1;0.00312969
muddy;1;0.00312969
muddymettled;1;0.00312969
multitude;1;0.00312969
murdring;1;0.00312969
murdrous;1;0.00312969
murtherd;1;0.00312969
musty;1;0.00312969
mute;1;0.00312969
mutine;1;0.00312969
mutinies;1;0.00312969
mystery;1;0.00312969
names;1;0.00312969
napkin;1;0.00312969
narrow;1;0.00312969
nasty;1;0.00312969
nations;1;0.00312969
nave;1;0.00312969
necessaries;1;0.00312969
necessity;1;0.00312969
needful;1;0.00312969
needfull;1;0.00312969
neglect;1;0.00312969
negligence;1;0.00312969
neighbour;1;0.00312969
neighbourd;1;0.00312969
nemean;1;0.00312969
nero;1;0.00312969
nerve;1;0.00312969
nettles;1;0.00312969
neutral;1;0.00312969
newborn;1;0.00312969
newhatchd;1;0.00312969
newly;1;0.00312969
nickname;1;0.00312969
niggard;1;0.00312969
nighted;1;0.00312969
nightgown;1;0.00312969
nightly;1;0.00312969
nill;1;0.00312969
niobe;1;0.00312969
nipping;1;0.00312969
nobility;1;0.00312969
nobler;1;0.00312969
noblest;1;0.00312969
nods;1;0.00312969
nomination;1;0.00312969
non;1;0.00312969
nonce;1;0.00312969
normandy;1;0.00312969
northerly;1;0.00312969
northnorthwest;1;0.00312969
norwegian;1;0.00312969
noted;1;0.00312969
notes;1;0.00312969
nothings;1;0.00312969
nowadays;1;0.00312969
nowhere;1;0.00312969
noyance;1;0.00312969
nutshell;1;0.00312969
nymph;1;0.00312969
oaths;1;0.00312969
obeys;1;0.00312969
object;1;0.00312969
objects;1;0.00312969
oblivion;1;0.00312969
obscure;1;0.00312969
obsequies;1;0.00312969
obsequious;1;0.00312969
observant;1;0.00312969
observation;1;0.00312969
observd;1;0.00312969
observers;1;0.00312969
obstinate;1;0.00312969
occasions;1;0.00312969
occulted;1;0.00312969
occurrents;1;0.00312969
ocean;1;0.00312969
oerbears;1;0.00312969
oercrows;1;0.00312969
oerdoing;1;0.00312969
oergrowth;1;0.00312969
oerhanging;1;0.00312969
oerhasty;1;0.00312969
oerhear;1;0.00312969
oerleavens;1;0.00312969
oermastert;1;0.00312969
oerraught;1;0.00312969
oerreaches;1;0.00312969
oerrule;1;0.00312969
oersized;1;0.00312969
oerstep;1;0.00312969
oersways;1;0.00312969
oerteemed;1;0.00312969
oerthrown;1;0.00312969
oertook;1;0.00312969
oertop;1;0.00312969
oerweigh;1;0.00312969
oerwhelm;1;0.00312969
offal;1;0.00312969
offend;1;0.00312969
offendendo;1;0.00312969
offenders;1;0.00312969
offends;1;0.00312969
offerd;1;0.00312969
office;1;0.00312969
offices;1;0.00312969
olympus;1;0.00312969
omen;1;0.00312969
ominous;1;0.00312969
opd;1;0.00312969
ope;1;0.00312969
opend;1;0.00312969
operant;1;0.00312969
ophelias;1;0.00312969
opinion;1;0.00312969
opposd;1;0.00312969
opposed;1;0.00312969
opposing;1;0.00312969
opposite;1;0.00312969
opposites;1;0.00312969
oppressd;1;0.00312969
oppression;1;0.00312969
oppressors;1;0.00312969
orb;1;0.00312969
orbed;1;0.00312969
orderly;1;0.00312969
ordinant;1;0.00312969
ore;1;0.00312969
orisons;1;0.00312969
ossa;1;0.00312969
ostentation;1;0.00312969
outbreak;1;0.00312969
outface;1;0.00312969
outherods;1;0.00312969
outlive;1;0.00312969
outlives;1;0.00312969
outrageous;1;0.00312969
outstretchd;1;0.00312969
outwards;1;0.00312969
overcame;1;0.00312969
overcome;1;0.00312969
overhappy;1;0.00312969
overlookd;1;0.00312969
overpeering;1;0.00312969
overthrown;1;0.00312969
owl;1;0.00312969
owner;1;0.00312969
paces;1;0.00312969
packet;1;0.00312969
packing;1;0.00312969
paddling;1;0.00312969
paddock;1;0.00312969
pagan;1;0.00312969
pah;1;0.00312969
paid;1;0.00312969
pain;1;0.00312969
paint;1;0.00312969
painting;1;0.00312969
paintings;1;0.00312969
pajock;1;0.00312969
pales;1;0.00312969
pall;1;0.00312969
palmy;1;0.00312969
palpable;1;0.00312969
panders;1;0.00312969
pangs;1;0.00312969
pansies;1;0.00312969
paradox;1;0.00312969
paragon;1;0.00312969
parching;1;0.00312969
parchment;1;0.00312969
pardont;1;0.00312969
paris;1;0.00312969
parle;1;0.00312969
parley;1;0.00312969
partial;1;0.00312969
partisan;1;0.00312969
party;1;0.00312969
passages;1;0.00312969
passes;1;0.00312969
passeth;1;0.00312969
passions;1;0.00312969
pastoral;1;0.00312969
pastoralcomical;1;0.00312969
pastors;1;0.00312969
pat;1;0.00312969
patches;1;0.00312969
path;1;0.00312969
patiently;1;0.00312969
patrick;1;0.00312969
pays;1;0.00312969
peaceparted;1;0.00312969
peak;1;0.00312969
peal;1;0.00312969
pearl;1;0.00312969
peating;1;0.00312969
pebbles;1;0.00312969
peculiar;1;0.00312969
peevish;1;0.00312969
pelican;1;0.00312969
pelion;1;0.00312969
pendant;1;0.00312969
penetrable;1;0.00312969
people;1;0.00312969
perceivd;1;0.00312969
perceive;1;0.00312969
perdition;1;0.00312969
perdy;1;0.00312969
perfect;1;0.00312969
perfections;1;0.00312969
perform;1;0.00312969
performance;1;0.00312969
perilous;1;0.00312969
periwigpated;1;0.00312969
permanent;1;0.00312969
pernicious;1;0.00312969
perpend;1;0.00312969
persever;1;0.00312969
personae;1;0.00312969
personal;1;0.00312969
persons;1;0.00312969
persuade;1;0.00312969
perturbed;1;0.00312969
perusal;1;0.00312969
peruse;1;0.00312969
pester;1;0.00312969
pestilence;1;0.00312969
petar;1;0.00312969
petition;1;0.00312969
phoebus;1;0.00312969
physic;1;0.00312969
pickaxe;1;0.00312969
pickaxes;1;0.00312969
pickd;1;0.00312969
picked;1;0.00312969
pickers;1;0.00312969
pictures;1;0.00312969
pieces;1;0.00312969
pierce;1;0.00312969
pigeonliverd;1;0.00312969
pile;1;0.00312969
pinch;1;0.00312969
pins;1;0.00312969
pioner;1;0.00312969
pirate;1;0.00312969
pitied;1;0.00312969
pitiful;1;0.00312969
placed;1;0.00312969
places;1;0.00312969
plain;1;0.00312969
planets;1;0.00312969
plastring;1;0.00312969
plausive;1;0.00312969
plautus;1;0.00312969
pleasant;1;0.00312969
pleasing;1;0.00312969
pledge;1;0.00312969
plentiful;1;0.00312969
plot;1;0.00312969
plumtree;1;0.00312969
plunge;1;0.00312969
plurisy;1;0.00312969
ply;1;0.00312969
pocket;1;0.00312969
pocky;1;0.00312969
poem;1;0.00312969
poet;1;0.00312969
poisoned;1;0.00312969
poisoning;1;0.00312969
poisons;1;0.00312969
polacks;1;0.00312969
policy;1;0.00312969
politic;1;0.00312969
politician;1;0.00312969
poll;1;0.00312969
pomp;1;0.00312969
ponderous;1;0.00312969
poniards;1;0.00312969
pooh;1;0.00312969
poppd;1;0.00312969
porches;1;0.00312969
porpentine;1;0.00312969
portal;1;0.00312969
portentous;1;0.00312969
portraiture;1;0.00312969
positively;1;0.00312969
possess;1;0.00312969
possessd;1;0.00312969
possession;1;0.00312969
posset;1;0.00312969
posthaste;1;0.00312969
postscript;1;0.00312969
posy;1;0.00312969
potency;1;0.00312969
potently;1;0.00312969
potion;1;0.00312969
pound;1;0.00312969
pour;1;0.00312969
pourd;1;0.00312969
powerfully;1;0.00312969
pox;1;0.00312969
practices;1;0.00312969
praises;1;0.00312969
pranks;1;0.00312969
prate;1;0.00312969
praying;1;0.00312969
prayst;1;0.00312969
preaching;1;0.00312969
preceding;1;0.00312969
precepts;1;0.00312969
precisely;1;0.00312969
precurse;1;0.00312969
prenominate;1;0.00312969
preparation;1;0.00312969
preparations;1;0.00312969
prepard;1;0.00312969
prescripts;1;0.00312969
presentment;1;0.00312969
pressure;1;0.00312969
pressures;1;0.00312969
prettiness;1;0.00312969
prey;1;0.00312969
priams;1;0.00312969
prick;1;0.00312969
prickd;1;0.00312969
pride;1;0.00312969
priests;1;0.00312969
primal;1;0.00312969
primrose;1;0.00312969
primy;1;0.00312969
princes;1;0.00312969
private;1;0.00312969
privates;1;0.00312969
privy;1;0.00312969
prize;1;0.00312969
pro;1;0.00312969
probation;1;0.00312969
proceeded;1;0.00312969
proceeding;1;0.00312969
procession;1;0.00312969
proclaimd;1;0.00312969
profane;1;0.00312969
profanely;1;0.00312969
profession;1;0.00312969
profoundest;1;0.00312969
progress;1;0.00312969
project;1;0.00312969
prolongs;1;0.00312969
promise;1;0.00312969
promisecrammd;1;0.00312969
promontory;1;0.00312969
prompted;1;0.00312969
pronounce;1;0.00312969
pronouncing;1;0.00312969
prophetic;1;0.00312969
proportions;1;0.00312969
proposer;1;0.00312969
props;1;0.00312969
prosperously;1;0.00312969
protest;1;0.00312969
protestation;1;0.00312969
proverb;1;0.00312969
provide;1;0.00312969
provided;1;0.00312969
provincial;1;0.00312969
provoke;1;0.00312969
public;1;0.00312969
pulld;1;0.00312969
pulse;1;0.00312969
punish;1;0.00312969
punishd;1;0.00312969
puppets;1;0.00312969
purchases;1;0.00312969
purer;1;0.00312969
purgation;1;0.00312969
purgd;1;0.00312969
purples;1;0.00312969
purport;1;0.00312969
pursued;1;0.00312969
pursuest;1;0.00312969
pursy;1;0.00312969
push;1;0.00312969
puzzles;1;0.00312969
quaintly;1;0.00312969
quake;1;0.00312969
qualifies;1;0.00312969
quarrelling;1;0.00312969
quarry;1;0.00312969
quarterd;1;0.00312969
queens;1;0.00312969
quest;1;0.00312969
questionable;1;0.00312969
quickly;1;0.00312969
quickness;1;0.00312969
quicksilverr;1;0.00312969
quiddits;1;0.00312969
quietly;1;0.00312969
quietus;1;0.00312969
quillets;1;0.00312969
quills;1;0.00312969
quintessence;1;0.00312969
quoted;1;0.00312969
quoth;1;0.00312969
rabble;1;0.00312969
race;1;0.00312969
rack;1;0.00312969
radiant;1;0.00312969
rages;1;0.00312969
rags;1;0.00312969
rain;1;0.00312969
raind;1;0.00312969
raisd;1;0.00312969
range;1;0.00312969
rankly;1;0.00312969
rant;1;0.00312969
rare;1;0.00312969
rareness;1;0.00312969
rascal;1;0.00312969
rashly;1;0.00312969
rashness;1;0.00312969
ratified;1;0.00312969
ratifiers;1;0.00312969
ravel;1;0.00312969
raven;1;0.00312969
raves;1;0.00312969
raw;1;0.00312969
rawer;1;0.00312969
razd;1;0.00312969
reach;1;0.00312969
reaches;1;0.00312969
readiness;1;0.00312969
readshigh;1;0.00312969
really;1;0.00312969
realm;1;0.00312969
rear;1;0.00312969
rebellion;1;0.00312969
rebels;1;0.00312969
rebuke;1;0.00312969
receives;1;0.00312969
reckless;1;0.00312969
reckon;1;0.00312969
reckoning;1;0.00312969
recks;1;0.00312969
recognizances;1;0.00312969
reconcilement;1;0.00312969
records;1;0.00312969
recount;1;0.00312969
recovery;1;0.00312969
rede;1;0.00312969
reechy;1;0.00312969
reels;1;0.00312969
reform;1;0.00312969
reformd;1;0.00312969
refrain;1;0.00312969
regards;1;0.00312969
reigns;1;0.00312969
relative;1;0.00312969
relief;1;0.00312969
religion;1;0.00312969
religious;1;0.00312969
remainder;1;0.00312969
remedy;1;0.00312969
remembrances;1;0.00312969
remembred;1;0.00312969
remiss;1;0.00312969
remorse;1;0.00312969
remorseless;1;0.00312969
removed;1;0.00312969
rend;1;0.00312969
render;1;0.00312969
rendezvous;1;0.00312969
repast;1;0.00312969
repel;1;0.00312969
repentance;1;0.00312969
replication;1;0.00312969
replies;1;0.00312969
repose;1;0.00312969
repugnant;1;0.00312969
repulsed;1;0.00312969
reputation;1;0.00312969
request;1;0.00312969
requiem;1;0.00312969
resemble;1;0.00312969
resembles;1;0.00312969
reservd;1;0.00312969
reserve;1;0.00312969
residence;1;0.00312969
resolutes;1;0.00312969
resolution;1;0.00312969
resolve;1;0.00312969
resort;1;0.00312969
respeaking;1;0.00312969
respects;1;0.00312969
responsive;1;0.00312969
restore;1;0.00312969
restraind;1;0.00312969
retain;1;0.00312969
retirement;1;0.00312969
retires;1;0.00312969
retrograde;1;0.00312969
returneth;1;0.00312969
reveal;1;0.00312969
revel;1;0.00312969
revels;1;0.00312969
revengeful;1;0.00312969
revenue;1;0.00312969
reverend;1;0.00312969
reverted;1;0.00312969
revisits;1;0.00312969
revolution;1;0.00312969
reword;1;0.00312969
rhapsody;1;0.00312969
rheum;1;0.00312969
rhymd;1;0.00312969
riband;1;0.00312969
rightly;1;0.00312969
riotous;1;0.00312969
ripe;1;0.00312969
rite;1;0.00312969
rivals;1;0.00312969
river;1;0.00312969
rivet;1;0.00312969
roars;1;0.00312969
roasted;1;0.00312969
robe;1;0.00312969
robin;1;0.00312969
robustious;1;0.00312969
rock;1;0.00312969
romage;1;0.00312969
rood;1;0.00312969
roof;1;0.00312969
roscius;1;0.00312969
rosemary;1;0.00312969
roses;1;0.00312969
rot;1;0.00312969
rots;1;0.00312969
roughhew;1;0.00312969
row;1;0.00312969
royally;1;0.00312969
ruin;1;0.00312969
rule;1;0.00312969
running;1;0.00312969
russet;1;0.00312969
rusty;1;0.00312969
s;1;0.00312969
sacred;1;0.00312969
sadly;1;0.00312969
sadness;1;0.00312969
salary;1;0.00312969
sale;1;0.00312969
sallets;1;0.00312969
sanctified;1;0.00312969
sanctuarize;1;0.00312969
sandal;1;0.00312969
sanity;1;0.00312969
sans;1;0.00312969
sat;1;0.00312969
satirical;1;0.00312969
satisfaction;1;0.00312969
satisfied;1;0.00312969
satyr;1;0.00312969
savageness;1;0.00312969
saviours;1;0.00312969
savoury;1;0.00312969
saws;1;0.00312969
sawt;1;0.00312969
saying;1;0.00312969
scald;1;0.00312969
scannd;1;0.00312969
scant;1;0.00312969
scanter;1;0.00312969
scarfd;1;0.00312969
scatters;1;0.00312969
scenes;1;0.00312969
scent;1;0.00312969
scholar;1;0.00312969
school;1;0.00312969
schoolfellows;1;0.00312969
sconce;1;0.00312969
scopes;1;0.00312969
scorn;1;0.00312969
scorns;1;0.00312969
scratchd;1;0.00312969
screend;1;0.00312969
scrimers;1;0.00312969
scruple;1;0.00312969
scuffling;1;0.00312969
scullion;1;0.00312969
se;1;0.00312969
seafaring;1;0.00312969
seafight;1;0.00312969
seagown;1;0.00312969
seals;1;0.00312969
search;1;0.00312969
seas;1;0.00312969
seasoned;1;0.00312969
seasons;1;0.00312969
seated;1;0.00312969
secrets;1;0.00312969
seduce;1;0.00312969
seed;1;0.00312969
seein;1;0.00312969
seemingvirtuous;1;0.00312969
seest;1;0.00312969
seet;1;0.00312969
seizd;1;0.00312969
select;1;0.00312969
self;1;0.00312969
selfslaughter;1;0.00312969
semblable;1;0.00312969
seneca;1;0.00312969
sensible;1;0.00312969
sensibly;1;0.00312969
sentinelsfirst;1;0.00312969
sepulchre;1;0.00312969
sequel;1;0.00312969
sequent;1;0.00312969
sere;1;0.00312969
sergeant;1;0.00312969
serious;1;0.00312969
settled;1;0.00312969
seven;1;0.00312969
several;1;0.00312969
sewing;1;0.00312969
sexton;1;0.00312969
sextons;1;0.00312969
shakespeare;1;0.00312969
shaking;1;0.00312969
shameful;1;0.00312969
shards;1;0.00312969
share;1;0.00312969
sharkd;1;0.00312969
sharp;1;0.00312969
shatter;1;0.00312969
sheen;1;0.00312969
sheep;1;0.00312969
sheepskins;1;0.00312969
sheet;1;0.00312969
sheeted;1;0.00312969
sheets;1;0.00312969
shelf;1;0.00312969
shent;1;0.00312969
shepherds;1;0.00312969
shift;1;0.00312969
shine;1;0.00312969
shipped;1;0.00312969
shipwrights;1;0.00312969
shirt;1;0.00312969
shocks;1;0.00312969
shoe;1;0.00312969
shook;1;0.00312969
shoon;1;0.00312969
shoot;1;0.00312969
shortens;1;0.00312969
shove;1;0.00312969
shovel;1;0.00312969
showers;1;0.00312969
showing;1;0.00312969
shreds;1;0.00312969
shrewdly;1;0.00312969
shrillsounding;1;0.00312969
shriving;1;0.00312969
shroud;1;0.00312969
shrouding;1;0.00312969
shrunk;1;0.00312969
shuffled;1;0.00312969
shut;1;0.00312969
sicklied;1;0.00312969
siege;1;0.00312969
sift;1;0.00312969
sighs;1;0.00312969
signet;1;0.00312969
silverd;1;0.00312969
simple;1;0.00312969
simples;1;0.00312969
singeing;1;0.00312969
singeth;1;0.00312969
sinners;1;0.00312969
sipping;1;0.00312969
sirrah;1;0.00312969
sisters;1;0.00312969
sitting;1;0.00312969
sixteen;1;0.00312969
sizd;1;0.00312969
skin;1;0.00312969
skirts;1;0.00312969
skyish;1;0.00312969
slanders;1;0.00312969
slaughter;1;0.00312969
slaughters;1;0.00312969
slaves;1;0.00312969
slay;1;0.00312969
sledded;1;0.00312969
sleepers;1;0.00312969
slender;1;0.00312969
slight;1;0.00312969
slings;1;0.00312969
slips;1;0.00312969
sliver;1;0.00312969
small;1;0.00312969
smart;1;0.00312969
smeard;1;0.00312969
smelling;1;0.00312969
smells;1;0.00312969
smelt;1;0.00312969
smiles;1;0.00312969
smoothness;1;0.00312969
smote;1;0.00312969
snatches;1;0.00312969
snuff;1;0.00312969
soaks;1;0.00312969
sober;1;0.00312969
society;1;0.00312969
soeer;1;0.00312969
softly;1;0.00312969
soild;1;0.00312969
sold;1;0.00312969
sole;1;0.00312969
soles;1;0.00312969
solicited;1;0.00312969
solicitings;1;0.00312969
solid;1;0.00312969
solidity;1;0.00312969
somethingsettled;1;0.00312969
somever;1;0.00312969
song;1;0.00312969
soon;1;0.00312969
sorrows;1;0.00312969
sorts;1;0.00312969
sounded;1;0.00312969
sounds;1;0.00312969
southerly;1;0.00312969
sovereignty;1;0.00312969
space;1;0.00312969
spacious;1;0.00312969
spades;1;0.00312969
spake;1;0.00312969
spark;1;0.00312969
sparrow;1;0.00312969
spectators;1;0.00312969
speeches;1;0.00312969
speechless;1;0.00312969
speedier;1;0.00312969
speedy;1;0.00312969
spend;1;0.00312969
spendthrift;1;0.00312969
spent;1;0.00312969
sphere;1;0.00312969
spheres;1;0.00312969
spies;1;0.00312969
spills;1;0.00312969
spilt;1;0.00312969
spite;1;0.00312969
splenitive;1;0.00312969
split;1;0.00312969
spots;1;0.00312969
spreads;1;0.00312969
springe;1;0.00312969
springes;1;0.00312969
springs;1;0.00312969
sprinkle;1;0.00312969
sprung;1;0.00312969
spur;1;0.00312969
squeak;1;0.00312969
squeezing;1;0.00312969
staff;1;0.00312969
stages;1;0.00312969
staid;1;0.00312969
staind;1;0.00312969
stair;1;0.00312969
stake;1;0.00312969
stale;1;0.00312969
stalk;1;0.00312969
stalks;1;0.00312969
standing;1;0.00312969
started;1;0.00312969
stately;1;0.00312969
statists;1;0.00312969
statutes;1;0.00312969
stays;1;0.00312969
steal;1;0.00312969
stealers;1;0.00312969
stealing;1;0.00312969
steals;1;0.00312969
steep;1;0.00312969
steepd;1;0.00312969
steps;1;0.00312969
sterile;1;0.00312969
sterling;1;0.00312969
stern;1;0.00312969
steward;1;0.00312969
stewd;1;0.00312969
sticks;1;0.00312969
stiffly;1;0.00312969
stirrd;1;0.00312969
stirring;1;0.00312969
stithy;1;0.00312969
stock;1;0.00312969
stockings;1;0.00312969
stomach;1;0.00312969
stones;1;0.00312969
stonish;1;0.00312969
stooping;1;0.00312969
stoops;1;0.00312969
stopping;1;0.00312969
storm;1;0.00312969
stoup;1;0.00312969
stoups;1;0.00312969
stowd;1;0.00312969
stranger;1;0.00312969
straws;1;0.00312969
stream;1;0.00312969
strengthen;1;0.00312969
strew;1;0.00312969
strewd;1;0.00312969
strewments;1;0.00312969
strife;1;0.00312969
strikes;1;0.00312969
striking;1;0.00312969
strings;1;0.00312969
strokes;1;0.00312969
strongest;1;0.00312969
strucken;1;0.00312969
struggling;1;0.00312969
strutted;1;0.00312969
stubborn;1;0.00312969
stubbornness;1;0.00312969
stuck;1;0.00312969
student;1;0.00312969
study;1;0.00312969
stung;1;0.00312969
sty;1;0.00312969
subscribd;1;0.00312969
successive;1;0.00312969
suchaone;1;0.00312969
suchaones;1;0.00312969
suchlike;1;0.00312969
suddenly;1;0.00312969
suffred;1;0.00312969
suffring;1;0.00312969
sugar;1;0.00312969
suiting;1;0.00312969
sullies;1;0.00312969
sulphrous;1;0.00312969
sum;1;0.00312969
summons;1;0.00312969
sunday;1;0.00312969
sundays;1;0.00312969
superfluous;1;0.00312969
supervise;1;0.00312969
suppliance;1;0.00312969
supply;1;0.00312969
supposal;1;0.00312969
surely;1;0.00312969
surmise;1;0.00312969
surrender;1;0.00312969
survivor;1;0.00312969
suspiration;1;0.00312969
sustain;1;0.00312969
swaddling;1;0.00312969
swaggring;1;0.00312969
swallowed;1;0.00312969
sweart;1;0.00312969
sweaty;1;0.00312969
sweets;1;0.00312969
swinish;1;0.00312969
switzers;1;0.00312969
swoopstake;1;0.00312969
swords;1;0.00312969
swore;1;0.00312969
swornt;1;0.00312969
synod;1;0.00312969
taint;1;0.00312969
taints;1;0.00312969
tannd;1;0.00312969
tanner;1;0.00312969
target;1;0.00312969
tarre;1;0.00312969
task;1;0.00312969
taste;1;0.00312969
tatters;1;0.00312969
tax;1;0.00312969
taxd;1;0.00312969
tediousness;1;0.00312969
tells;1;0.00312969
tellus;1;0.00312969
temperance;1;0.00312969
temperately;1;0.00312969
temperd;1;0.00312969
tempest;1;0.00312969
temple;1;0.00312969
tenable;1;0.00312969
tenantless;1;0.00312969
tenants;1;0.00312969
tennis;1;0.00312969
tent;1;0.00312969
tenures;1;0.00312969
termagant;1;0.00312969
test;1;0.00312969
tether;1;0.00312969
tetter;1;0.00312969
thart;1;0.00312969
thaw;1;0.00312969
theatre;1;0.00312969
theft;1;0.00312969
thein;1;0.00312969
thereabout;1;0.00312969
therein;1;0.00312969
thereof;1;0.00312969
thereon;1;0.00312969
thereto;1;0.00312969
thereunto;1;0.00312969
thews;1;0.00312969
theyll;1;0.00312969
thicker;1;0.00312969
thieves;1;0.00312969
thinkst;1;0.00312969
thinkt;1;0.00312969
thirties;1;0.00312969
thorns;1;0.00312969
thorny;1;0.00312969
thoughtsick;1;0.00312969
thoult;1;0.00312969
thout;1;0.00312969
thralld;1;0.00312969
threaten;1;0.00312969
threatning;1;0.00312969
threats;1;0.00312969
threeandtwenty;1;0.00312969
throughly;1;0.00312969
throwing;1;0.00312969
ths;1;0.00312969
thumbs;1;0.00312969
thunders;1;0.00312969
tickle;1;0.00312969
timberd;1;0.00312969
tinct;1;0.00312969
tithe;1;0.00312969
toil;1;0.00312969
toils;1;0.00312969
tokens;1;0.00312969
tomb;1;0.00312969
toomuch;1;0.00312969
toppd;1;0.00312969
torches;1;0.00312969
tormenting;1;0.00312969
torrent;1;0.00312969
total;1;0.00312969
tother;1;0.00312969
touchd;1;0.00312969
touches;1;0.00312969
town;1;0.00312969
towring;1;0.00312969
toys;1;0.00312969
traducd;1;0.00312969
tragedians;1;0.00312969
tragicalcomicalhistoricalpastoral;1;0.00312969
tragicalhistorical;1;0.00312969
trains;1;0.00312969
traitorous;1;0.00312969
transform;1;0.00312969
transformation;1;0.00312969
transports;1;0.00312969
trappings;1;0.00312969
traveller;1;0.00312969
tread;1;0.00312969
treads;1;0.00312969
tree;1;0.00312969
trespass;1;0.00312969
trialthe;1;0.00312969
tributary;1;0.00312969
trickd;1;0.00312969
tried;1;0.00312969
trifle;1;0.00312969
trifling;1;0.00312969
trip;1;0.00312969
trippingly;1;0.00312969
tristful;1;0.00312969
triumph;1;0.00312969
trivial;1;0.00312969
trophies;1;0.00312969
trophy;1;0.00312969
tropically;1;0.00312969
truepenny;1;0.00312969
truncheons;1;0.00312969
truster;1;0.00312969
tugging;1;0.00312969
tumbled;1;0.00312969
turbulent;1;0.00312969
turf;1;0.00312969
turk;1;0.00312969
turneth;1;0.00312969
turns;1;0.00312969
turnst;1;0.00312969
tutor;1;0.00312969
tweaks;1;0.00312969
tween;1;0.00312969
twentieth;1;0.00312969
twofold;1;0.00312969
twould;1;0.00312969
tyrannically;1;0.00312969
tyrannous;1;0.00312969
tyrant;1;0.00312969
ubique;1;0.00312969
ugly;1;0.00312969
ulcer;1;0.00312969
ulcerous;1;0.00312969
umbrage;1;0.00312969
unaneld;1;0.00312969
unbracd;1;0.00312969
uncharge;1;0.00312969
unclefather;1;0.00312969
uncles;1;0.00312969
uncurrent;1;0.00312969
undergo;1;0.00312969
undertakings;1;0.00312969
undiscoverd;1;0.00312969
undo;1;0.00312969
uneffectual;1;0.00312969
unequal;1;0.00312969
unfellowed;1;0.00312969
unfledgd;1;0.00312969
unforcd;1;0.00312969
unfortified;1;0.00312969
ungalled;1;0.00312969
ungartred;1;0.00312969
ungord;1;0.00312969
ungracious;1;0.00312969
unhand;1;0.00312969
unhappily;1;0.00312969
unholy;1;0.00312969
unhousled;1;0.00312969
unimproved;1;0.00312969
unite;1;0.00312969
university;1;0.00312969
unkennel;1;0.00312969
unkind;1;0.00312969
unknowing;1;0.00312969
unlimited;1;0.00312969
unmanly;1;0.00312969
unmannerly;1;0.00312969
unmask;1;0.00312969
unmastred;1;0.00312969
unmatchd;1;0.00312969
unmixd;1;0.00312969
unnerved;1;0.00312969
unpack;1;0.00312969
unpeg;1;0.00312969
unpolluted;1;0.00312969
unpregnant;1;0.00312969
unprevailing;1;0.00312969
unprofitable;1;0.00312969
unproportiond;1;0.00312969
unreclaimed;1;0.00312969
unrighteous;1;0.00312969
unripe;1;0.00312969
unsanctified;1;0.00312969
unsatisfied;1;0.00312969
unschoold;1;0.00312969
unseal;1;0.00312969
unshaken;1;0.00312969
unshaped;1;0.00312969
unsifted;1;0.00312969
unsinewd;1;0.00312969
unskilful;1;0.00312969
unsmirched;1;0.00312969
unsure;1;0.00312969
until;1;0.00312969
untimely;1;0.00312969
unusd;1;0.00312969
unvalued;1;0.00312969
unwatchd;1;0.00312969
unweeded;1;0.00312969
unwholesome;1;0.00312969
unwilling;1;0.00312969
unworthiest;1;0.00312969
unwrung;1;0.00312969
unyoke;1;0.00312969
uphoarded;1;0.00312969
upshot;1;0.00312969
upspring;1;0.00312969
usual;1;0.00312969
usurp;1;0.00312969
usurpst;1;0.00312969
utter;1;0.00312969
uttrance;1;0.00312969
uttred;1;0.00312969
vacancy;1;0.00312969
vailed;1;0.00312969
vain;1;0.00312969
valancd;1;0.00312969
valentine;1;0.00312969
valentines;1;0.00312969
validity;1;0.00312969
valour;1;0.00312969
vanishd;1;0.00312969
vanquisher;1;0.00312969
vapours;1;0.00312969
varnish;1;0.00312969
vast;1;0.00312969
venomd;1;0.00312969
ventages;1;0.00312969
verity;1;0.00312969
verse;1;0.00312969
vi;1;0.00312969
vial;1;0.00312969
vicious;1;0.00312969
videlicet;1;0.00312969
vienna;1;0.00312969
vigour;1;0.00312969
vii;1;0.00312969
villanies;1;0.00312969
villanous;1;0.00312969
villany;1;0.00312969
violet;1;0.00312969
virgin;1;0.00312969
vision;1;0.00312969
volley;1;0.00312969
volume;1;0.00312969
vouch;1;0.00312969
vulcans;1;0.00312969
wagerd;1;0.00312969
wail;1;0.00312969
waist;1;0.00312969
waits;1;0.00312969
wake;1;0.00312969
walkd;1;0.00312969
wall;1;0.00312969
wandring;1;0.00312969
wannd;1;0.00312969
wantonness;1;0.00312969
wards;1;0.00312969
warms;1;0.00312969
warning;1;0.00312969
warranty;1;0.00312969
warrnt;1;0.00312969
wart;1;0.00312969
wassail;1;0.00312969
waste;1;0.00312969
watchd;1;0.00312969
watchman;1;0.00312969
waterfly;1;0.00312969
waving;1;0.00312969
weaker;1;0.00312969
weakest;1;0.00312969
weal;1;0.00312969
wealth;1;0.00312969
weapons;1;0.00312969
wearing;1;0.00312969
wedding;1;0.00312969
weed;1;0.00312969
weedy;1;0.00312969
week;1;0.00312969
weeping;1;0.00312969
weeps;1;0.00312969
weighing;1;0.00312969
weight;1;0.00312969
welltook;1;0.00312969
west;1;0.00312969
westward;1;0.00312969
wharf;1;0.00312969
whatsoever;1;0.00312969
wheaten;1;0.00312969
whence;1;0.00312969
whensoever;1;0.00312969
wher;1;0.00312969
whereat;1;0.00312969
whet;1;0.00312969
whiff;1;0.00312969
whine;1;0.00312969
whippd;1;0.00312969
whipping;1;0.00312969
whirling;1;0.00312969
whirlwind;1;0.00312969
whispers;1;0.00312969
whit;1;0.00312969
whither;1;0.00312969
whord;1;0.00312969
whore;1;0.00312969
whos;1;0.00312969
wick;1;0.00312969
widow;1;0.00312969
wildness;1;0.00312969
wilfully;1;0.00312969
william;1;0.00312969
willow;1;0.00312969
wills;1;0.00312969
willt;1;0.00312969
winch;1;0.00312969
windlasses;1;0.00312969
window;1;0.00312969
windy;1;0.00312969
wing;1;0.00312969
winking;1;0.00312969
winks;1;0.00312969
winner;1;0.00312969
winnowed;1;0.00312969
winters;1;0.00312969
wisdoms;1;0.00312969
wishd;1;0.00312969
wishes;1;0.00312969
witch;1;0.00312969
witching;1;0.00312969
withdrew;1;0.00312969
witherd;1;0.00312969
withers;1;0.00312969
womans;1;0.00312969
womb;1;0.00312969
womens;1;0.00312969
won;1;0.00312969
wonderwounded;1;0.00312969
woo;1;0.00312969
wood;1;0.00312969
woodcock;1;0.00312969
woodcocks;1;0.00312969
wooes;1;0.00312969
wore;1;0.00312969
works;1;0.00312969
worn;1;0.00312969
worser;1;0.00312969
worst;1;0.00312969
worthy;1;0.00312969
wot;1;0.00312969
wounded;1;0.00312969
woundless;1;0.00312969
wrack;1;0.00312969
wrap;1;0.00312969
wrath;1;0.00312969
wring;1;0.00312969
wringing;1;0.00312969
wrinkled;1;0.00312969
wrist;1;0.00312969
write;1;0.00312969
writers;1;0.00312969
writes;1;0.00312969
written;1;0.00312969
wrung;1;0.00312969
yard;1;0.00312969
yaughan;1;0.00312969
yaw;1;0.00312969
yawn;1;0.00312969
yeomans;1;0.00312969
yesterday;1;0.00312969
yesternight;1;0.00312969
yesty;1;0.00312969
yielding;1;0.00312969
yon;1;0.00312969
yond;1;0.00312969
yorick;1;0.00312969
yoricks;1;0.00312969
younger;1;0.00312969
yourselves;1;0.00312969
zone;1;0.00312969
